
DROP DATABASE IF EXISTS snet2910;
CREATE DATABASE snet2910;
use snet2910;

drop table if exists users;
CREATE TABLE users(
	id serial primary key, -- SERIAL == BIGINT UNSIGNED NOT NULL AUTO_INCREMENT UNIQUE
	firstname varchar(50),
	lastname varchar(50),
	email varchar(120) UNIQUE,
	phone varchar(20) UNIQUE,
	birthday date,
	hometown varchar(100),
	gender char(1),
	photo_id BIGINT UNSIGNED,
	created_at datetime default now(), -- функция now по умолчанию возвращает дату и время текущего момента
	pass char(30)
);

-- создаем индексы для таблицы users с помощью alter table простой и сложносоставной, для поиска
alter table users add index (phone);
alter table users add index users_firstname_lastname_idx (firstname, lastname);

drop table if exists settings;
CREATE TABLE settings(
	user_id serial primary key,
	can_see enum('all', 'friends_of_friends', 'friends', 'nobody'),
	can_comment enum('all', 'friends_of_friends', 'friends', 'nobody'),
	can_message enum('all', 'friends_of_friends', 'friends', 'nobody'),
	foreign key (user_id) references users(id)
);

drop table if exists messages;
CREATE TABLE messages(
	id serial primary key,
	from_user_id BIGINT UNSIGNED NOT NULL,
	to_user_id BIGINT UNSIGNED NOT NULL,
	message text not null,
	is_read bool default 0,
	created_at datetime default now(),
	foreign key (from_user_id) references users(id), -- внешний ключ к id таблицы users
	foreign key (to_user_id) references users(id)
);

alter table messages add index messages_from_user_id (from_user_id);
alter table messages add index messages_to_user_id (to_user_id);

drop table if exists friend_requests;
CREATE TABLE friend_requests(
	initiator_user_id BIGINT UNSIGNED NOT NULL,
	target_user_id BIGINT UNSIGNED NOT NULL,
	status enum('requested', 'approved', 'unfriended', 'declined'),
	requested_at datetime default now(),
	confirmed_at datetime default current_timestamp on update current_timestamp,
	primary key(initiator_user_id, target_user_id), -- сложносоставной первичный ключ по двум столбцам
	index (initiator_user_id), -- задаем индекс при создании таблицы
	index (target_user_id),
	foreign key (initiator_user_id) references users(id),
	foreign key (target_user_id) references users(id)
);

drop table if exists communities;
CREATE TABLE communities (
	id serial primary key,
	name varchar(150),
	index (name)
);

drop table if exists users_communities;
CREATE TABLE users_communities( -- описывает связь многие ко многим
	user_id BIGINT UNSIGNED NOT NULL,
	community_id BIGINT UNSIGNED NOT NULL,
	primary key (user_id, community_id),
	foreign key (user_id) references users(id),
	foreign key (community_id) references communities(id)
);

drop table if exists posts;
CREATE TABLE posts (
	id serial primary key,
	user_id BIGINT UNSIGNED NOT NULL,
	post text,
	attachments json,
	metadata json,
	created_at datetime default now(),
	updated_at datetime default current_timestamp on update current_timestamp,
	foreign key (user_id) references users(id)
);

drop table if exists comments;
CREATE TABLE comments(
	id serial primary key,
	user_id BIGINT UNSIGNED NOT NULL,
	post_id BIGINT UNSIGNED NOT NULL,
	comment text,
	created_at datetime default now(),
	updated_at datetime default current_timestamp on update current_timestamp,
	foreign key (user_id) references users(id),
	foreign key (post_id) references posts(id)
);

drop table if exists photos;
CREATE TABLE photos(
	id serial primary key,
	filename varchar(255) UNIQUE,
	user_id BIGINT UNSIGNED NOT NULL,
	description text,
	created_at datetime default current_timestamp,
	foreign key (user_id) references users(id)
);

drop table if exists like_photos;
CREATE TABLE like_photos(
	id serial primary key,
	user_id BIGINT UNSIGNED NOT NULL,
	photos_id BIGINT UNSIGNED NOT NULL,
	add_like bool default 0,
	foreign key (user_id) references users(id),
	foreign key (photos_id) references photos(id)
);

drop table if exists like_comments;
CREATE TABLE like_comments(
	id serial primary key,
	user_id BIGINT UNSIGNED NOT NULL,
	comments_id BIGINT UNSIGNED NOT NULL,
	add_like bool default 0,
	foreign key (user_id) references users(id),
	foreign key (comments_id) references comments(id)
);

drop table if exists like_posts;
CREATE TABLE like_posts(
	id serial primary key,
	user_id BIGINT UNSIGNED NOT NULL,
	post_id BIGINT UNSIGNED NOT NULL,
	add_like bool default 0,
	foreign key (user_id) references users(id),
	foreign key (post_id) references posts(id)
);

drop table if exists like_users;
CREATE TABLE like_users(
	id serial primary key,
	user_id BIGINT UNSIGNED NOT NULL,
	target_user_id BIGINT UNSIGNED NOT NULL,
	add_like bool default 0,
	foreign key (user_id) references users(id),
	foreign key (target_user_id) references users(id)
);

INSERT INTO `users` (`id`, `firstname`, `lastname`, `email`, `phone`, `birthday`, `hometown`, `gender`, `photo_id`, `created_at`, `pass`) VALUES ('1', 'Mary', 'Mitchell', 'erik.marks@example.net', '781-814-3614x3896', '1998-03-16', 'Berthaven', 'F', '4', '2000-08-10 12:02:08', '49d7d1904e7536b22d6a9582675733');
INSERT INTO `users` (`id`, `firstname`, `lastname`, `email`, `phone`, `birthday`, `hometown`, `gender`, `photo_id`, `created_at`, `pass`) VALUES ('2', 'Alexandrine', 'Goyette', 'audreanne.franecki@example.org', '1-777-621-1575x4275', '1980-09-20', 'Lake Orrinton', 'M', '9', '1997-01-07 22:43:22', 'eaf76bb1b4fdc379f9fd72f81c8545');
INSERT INTO `users` (`id`, `firstname`, `lastname`, `email`, `phone`, `birthday`, `hometown`, `gender`, `photo_id`, `created_at`, `pass`) VALUES ('3', 'Alene', 'Casper', 'kiehn.anthony@example.org', '1-802-217-9890', '1992-09-13', 'Benedictport', 'M', '0', '2006-07-31 22:02:28', 'd287bc293405d002ca2a1ac8455ef8');
INSERT INTO `users` (`id`, `firstname`, `lastname`, `email`, `phone`, `birthday`, `hometown`, `gender`, `photo_id`, `created_at`, `pass`) VALUES ('4', 'Cassidy', 'Smitham', 'jevon.keeling@example.org', '1-774-284-6032x695', '1994-03-07', 'Kemmerfurt', 'F', '0', '2008-03-04 22:03:14', 'd9c6f171bcc0e5d32ee482e810bc37');
INSERT INTO `users` (`id`, `firstname`, `lastname`, `email`, `phone`, `birthday`, `hometown`, `gender`, `photo_id`, `created_at`, `pass`) VALUES ('5', 'Clifton', 'Cummings', 'gerald60@example.net', '368-476-1990', '1991-09-13', 'Elwynton', 'F', '9', '2010-03-17 03:28:13', 'f9245ec8912a0ea502e393423350db');
INSERT INTO `users` (`id`, `firstname`, `lastname`, `email`, `phone`, `birthday`, `hometown`, `gender`, `photo_id`, `created_at`, `pass`) VALUES ('6', 'Dallin', 'Gutkowski', 'padberg.kasey@example.com', '752.833.3051x42915', '2009-04-23', 'Lake Randalstad', 'M', '3', '1992-04-23 10:10:07', '466da0d1febab9f8cc11af317f8dfd');
INSERT INTO `users` (`id`, `firstname`, `lastname`, `email`, `phone`, `birthday`, `hometown`, `gender`, `photo_id`, `created_at`, `pass`) VALUES ('7', 'Jesse', 'Windler', 'magdalen35@example.org', '(479)602-1594x551', '1992-10-29', 'Hackettton', 'F', '7', '1998-05-21 23:57:25', '78cc400306fdf1dd055966aa443c61');
INSERT INTO `users` (`id`, `firstname`, `lastname`, `email`, `phone`, `birthday`, `hometown`, `gender`, `photo_id`, `created_at`, `pass`) VALUES ('8', 'Marcelino', 'Corwin', 'wunsch.abigayle@example.net', '1-196-553-4126x6408', '1993-05-17', 'New Shanon', 'F', '2', '2004-12-29 13:34:52', '8b6459f87afbeb0300bf3d3720b1a2');
INSERT INTO `users` (`id`, `firstname`, `lastname`, `email`, `phone`, `birthday`, `hometown`, `gender`, `photo_id`, `created_at`, `pass`) VALUES ('9', 'Damian', 'Jaskolski', 'qbergnaum@example.com', '1-730-206-8798', '2018-12-13', 'Lake Juvenal', 'F', '4', '2016-07-30 12:39:54', '4c9845dda878a7e15fc54bb1b8f41b');
INSERT INTO `users` (`id`, `firstname`, `lastname`, `email`, `phone`, `birthday`, `hometown`, `gender`, `photo_id`, `created_at`, `pass`) VALUES ('10', 'Euna', 'Labadie', 'jose68@example.com', '1-042-440-3417', '1999-05-23', 'New Eleanora', 'F', '6', '2002-12-10 19:59:28', '1d9ae39b3a6b690b46e1f14729e51d');
INSERT INTO `users` (`id`, `firstname`, `lastname`, `email`, `phone`, `birthday`, `hometown`, `gender`, `photo_id`, `created_at`, `pass`) VALUES ('11', 'Jonatan', 'Ondricka', 'darrel.gaylord@example.org', '933-401-1038x10511', '2016-04-11', 'Olgastad', 'M', '2', '2016-11-21 10:27:23', '76c0082c227b6b2a62ceb37e5a70bd');
INSERT INTO `users` (`id`, `firstname`, `lastname`, `email`, `phone`, `birthday`, `hometown`, `gender`, `photo_id`, `created_at`, `pass`) VALUES ('12', 'Juvenal', 'Kuphal', 'xcormier@example.net', '148-445-1608x01196', '1976-10-13', 'West Arnaldoview', 'M', '1', '2001-05-10 12:55:58', '4e18103530a35eda0443c38d3ffa47');
INSERT INTO `users` (`id`, `firstname`, `lastname`, `email`, `phone`, `birthday`, `hometown`, `gender`, `photo_id`, `created_at`, `pass`) VALUES ('13', 'Liliana', 'Bode', 'dominique.mueller@example.com', '(087)941-0520x9775', '1984-09-03', 'South Lon', 'M', '9', '1998-04-21 07:04:12', '3fdf21b98473989881580404a24c5f');
INSERT INTO `users` (`id`, `firstname`, `lastname`, `email`, `phone`, `birthday`, `hometown`, `gender`, `photo_id`, `created_at`, `pass`) VALUES ('14', 'Schuyler', 'Kuhic', 'colt93@example.net', '(245)854-7823x8481', '2014-11-23', 'Lake Milesstad', 'F', '9', '2007-05-30 22:22:18', '6f9903e5d6e9248f9d42a86803da61');
INSERT INTO `users` (`id`, `firstname`, `lastname`, `email`, `phone`, `birthday`, `hometown`, `gender`, `photo_id`, `created_at`, `pass`) VALUES ('15', 'Breanne', 'Hudson', 'teagan52@example.net', '413.099.9249x863', '2016-09-23', 'Baileyside', 'M', '8', '1973-01-22 19:39:38', '4aa643bf0c78727f45a8b30af3b64f');
INSERT INTO `users` (`id`, `firstname`, `lastname`, `email`, `phone`, `birthday`, `hometown`, `gender`, `photo_id`, `created_at`, `pass`) VALUES ('16', 'Immanuel', 'Stark', 'corine30@example.com', '673-595-9416x5468', '2007-02-08', 'Rozellatown', 'F', '9', '2015-10-07 23:56:33', '45455551f7ae69e03e972c317685f7');
INSERT INTO `users` (`id`, `firstname`, `lastname`, `email`, `phone`, `birthday`, `hometown`, `gender`, `photo_id`, `created_at`, `pass`) VALUES ('17', 'Trenton', 'Koepp', 'maeve.kulas@example.net', '648-031-3269x49202', '1991-10-30', 'South Desiree', 'F', '3', '1976-02-14 12:23:38', 'a8ff4c882fcd101ad08ef97da1aff9');
INSERT INTO `users` (`id`, `firstname`, `lastname`, `email`, `phone`, `birthday`, `hometown`, `gender`, `photo_id`, `created_at`, `pass`) VALUES ('18', 'Leanna', 'Lindgren', 'cmcdermott@example.com', '+30(2)0796494024', '1975-03-29', 'Kochstad', 'F', '5', '1988-09-06 17:02:58', '7b0d4e3ff9d574e5ce018619cb899d');
INSERT INTO `users` (`id`, `firstname`, `lastname`, `email`, `phone`, `birthday`, `hometown`, `gender`, `photo_id`, `created_at`, `pass`) VALUES ('19', 'Sierra', 'Jenkins', 'legros.joaquin@example.org', '272-175-1426', '1977-08-16', 'West Rosemary', 'M', '2', '1987-11-30 23:17:10', '81d23257581197e218782ce616fcc1');
INSERT INTO `users` (`id`, `firstname`, `lastname`, `email`, `phone`, `birthday`, `hometown`, `gender`, `photo_id`, `created_at`, `pass`) VALUES ('20', 'Frieda', 'Grant', 'wilderman.aidan@example.com', '1-791-602-1402x1887', '1973-06-01', 'Barrowsstad', 'M', '4', '1972-08-12 13:44:26', 'ec6c8b7cec213edc6381066b3f146e');
INSERT INTO `users` (`id`, `firstname`, `lastname`, `email`, `phone`, `birthday`, `hometown`, `gender`, `photo_id`, `created_at`, `pass`) VALUES ('21', 'Carmel', 'Smitham', 'smith.lorenza@example.org', '+87(7)4647989955', '1987-01-14', 'Gwendolynmouth', 'F', '6', '1996-03-27 03:02:53', '32892beb00597e7526014ea2876f02');
INSERT INTO `users` (`id`, `firstname`, `lastname`, `email`, `phone`, `birthday`, `hometown`, `gender`, `photo_id`, `created_at`, `pass`) VALUES ('22', 'Gilbert', 'Weimann', 'cummings.jennyfer@example.com', '976.020.3814x7672', '1981-10-03', 'West Lawson', 'M', '6', '2010-02-20 00:28:58', '49ffd74d1e07ebd0873ca75e31b597');
INSERT INTO `users` (`id`, `firstname`, `lastname`, `email`, `phone`, `birthday`, `hometown`, `gender`, `photo_id`, `created_at`, `pass`) VALUES ('23', 'Malachi', 'Cole', 'emohr@example.org', '1-704-189-0841x76403', '1972-09-25', 'Lake Dimitriside', 'M', '8', '2000-11-02 13:13:21', 'ad77d45df8940a040c766a6ba16bea');
INSERT INTO `users` (`id`, `firstname`, `lastname`, `email`, `phone`, `birthday`, `hometown`, `gender`, `photo_id`, `created_at`, `pass`) VALUES ('24', 'Delphia', 'Runolfsdottir', 'brayan13@example.org', '1-931-980-7192', '1983-07-22', 'Willland', 'M', '9', '1977-07-09 11:42:06', 'a592070a1a3127aa8f05a35ca68c0a');
INSERT INTO `users` (`id`, `firstname`, `lastname`, `email`, `phone`, `birthday`, `hometown`, `gender`, `photo_id`, `created_at`, `pass`) VALUES ('25', 'Eulah', 'Terry', 'djohnson@example.com', '02212763810', '1986-05-14', 'Shanelfort', 'M', '4', '2016-07-28 06:29:10', '449c3e3ce493367e7eb8fdb2278621');
INSERT INTO `users` (`id`, `firstname`, `lastname`, `email`, `phone`, `birthday`, `hometown`, `gender`, `photo_id`, `created_at`, `pass`) VALUES ('26', 'Mortimer', 'Stehr', 'ulices.veum@example.com', '(827)034-1005', '2009-02-26', 'North Jerelville', 'F', '9', '1983-10-15 13:14:39', '6da6f5c1e506f31fefb237d07bbfd1');
INSERT INTO `users` (`id`, `firstname`, `lastname`, `email`, `phone`, `birthday`, `hometown`, `gender`, `photo_id`, `created_at`, `pass`) VALUES ('27', 'Ed', 'Ernser', 'walker.stone@example.net', '198-747-4276', '1970-07-12', 'East Nikkotown', 'F', '9', '2013-11-30 06:26:13', 'b6fac988df12de1134dfead46e4eae');
INSERT INTO `users` (`id`, `firstname`, `lastname`, `email`, `phone`, `birthday`, `hometown`, `gender`, `photo_id`, `created_at`, `pass`) VALUES ('28', 'Gayle', 'Feeney', 'cole.francis@example.net', '(680)016-5442x2891', '2003-03-14', 'Creolafort', 'F', '8', '2009-04-19 12:52:43', '63bd2c35e720cff9b3bdea07a31ed3');
INSERT INTO `users` (`id`, `firstname`, `lastname`, `email`, `phone`, `birthday`, `hometown`, `gender`, `photo_id`, `created_at`, `pass`) VALUES ('29', 'Davon', 'Wisozk', 'thaley@example.com', '526.124.9627x760', '1998-03-25', 'Goodwinshire', 'F', '2', '2012-11-05 21:55:48', 'ce8f2015ba52fb5fb54e919cdcb668');
INSERT INTO `users` (`id`, `firstname`, `lastname`, `email`, `phone`, `birthday`, `hometown`, `gender`, `photo_id`, `created_at`, `pass`) VALUES ('30', 'Elza', 'Kiehn', 'rutherford.jeramy@example.org', '844.477.6308x98822', '2004-03-06', 'Novaville', 'F', '5', '2004-08-19 07:38:06', '899ce505c412e18bd66672de5deda7');
INSERT INTO `users` (`id`, `firstname`, `lastname`, `email`, `phone`, `birthday`, `hometown`, `gender`, `photo_id`, `created_at`, `pass`) VALUES ('31', 'Herminia', 'Volkman', 'aileen29@example.com', '(763)646-7030x3627', '1992-05-08', 'Coybury', 'F', '4', '2002-12-30 09:21:57', 'b27e01b1160b689afcb7f463b15b08');
INSERT INTO `users` (`id`, `firstname`, `lastname`, `email`, `phone`, `birthday`, `hometown`, `gender`, `photo_id`, `created_at`, `pass`) VALUES ('32', 'Leila', 'Stamm', 'duane.kozey@example.com', '266.145.0743x923', '2014-06-29', 'Terryside', 'M', '8', '1992-12-16 07:43:59', '0112a1359726dfe7528d02f97cf5ff');
INSERT INTO `users` (`id`, `firstname`, `lastname`, `email`, `phone`, `birthday`, `hometown`, `gender`, `photo_id`, `created_at`, `pass`) VALUES ('33', 'Joyce', 'Carter', 'rhagenes@example.net', '882.996.1790', '1996-08-23', 'Tarabury', 'M', '1', '2007-07-18 11:40:57', '8e777104421a4b43712f06a07dc2e0');
INSERT INTO `users` (`id`, `firstname`, `lastname`, `email`, `phone`, `birthday`, `hometown`, `gender`, `photo_id`, `created_at`, `pass`) VALUES ('34', 'Yolanda', 'Cremin', 'will53@example.org', '(340)937-1332x253', '2013-07-10', 'Port Mittiestad', 'F', '9', '2018-03-23 19:12:54', '1796071b82deff9a0ab9e854b2b655');
INSERT INTO `users` (`id`, `firstname`, `lastname`, `email`, `phone`, `birthday`, `hometown`, `gender`, `photo_id`, `created_at`, `pass`) VALUES ('35', 'Cory', 'Dickens', 'hammes.zechariah@example.com', '204-839-5507x64296', '1980-11-22', 'Port River', 'F', '8', '2013-07-27 17:31:07', '8653acee3c5fc1aabffd3566e888ee');
INSERT INTO `users` (`id`, `firstname`, `lastname`, `email`, `phone`, `birthday`, `hometown`, `gender`, `photo_id`, `created_at`, `pass`) VALUES ('36', 'Kasandra', 'Davis', 'junius.carroll@example.com', '073-857-5066x684', '2012-07-26', 'Brownmouth', 'M', '3', '2017-04-26 10:40:20', '4c616db19bef3522004d60fe21c2f7');
INSERT INTO `users` (`id`, `firstname`, `lastname`, `email`, `phone`, `birthday`, `hometown`, `gender`, `photo_id`, `created_at`, `pass`) VALUES ('37', 'Mortimer', 'Murray', 'vconsidine@example.org', '+18(1)5226084906', '2002-08-14', 'Jessieberg', 'M', '3', '1990-01-10 19:11:50', '421673074a1e63d59f69f0896961dc');
INSERT INTO `users` (`id`, `firstname`, `lastname`, `email`, `phone`, `birthday`, `hometown`, `gender`, `photo_id`, `created_at`, `pass`) VALUES ('38', 'Beth', 'Donnelly', 'opaucek@example.org', '(463)187-8898x06519', '1987-06-03', 'Ruthchester', 'F', '1', '1975-10-08 11:55:05', 'c2c410794ac33be6128f1d55f87b93');
INSERT INTO `users` (`id`, `firstname`, `lastname`, `email`, `phone`, `birthday`, `hometown`, `gender`, `photo_id`, `created_at`, `pass`) VALUES ('39', 'Emile', 'Rosenbaum', 'marta.kuvalis@example.com', '(095)627-9170', '1979-07-13', 'Wolffburgh', 'M', '6', '1989-01-03 08:22:53', 'a5850ca749f30268b550d90a8c0d9b');
INSERT INTO `users` (`id`, `firstname`, `lastname`, `email`, `phone`, `birthday`, `hometown`, `gender`, `photo_id`, `created_at`, `pass`) VALUES ('40', 'Harold', 'Wolf', 'kovacek.brooke@example.org', '06748946609', '1988-01-17', 'West Roel', 'M', '1', '2005-07-20 06:27:18', '3328d8e04945b3f5c14bf763c6856c');
INSERT INTO `users` (`id`, `firstname`, `lastname`, `email`, `phone`, `birthday`, `hometown`, `gender`, `photo_id`, `created_at`, `pass`) VALUES ('41', 'Ashly', 'Block', 'mohammad86@example.com', '+22(8)5648422220', '1986-02-02', 'New Brookfort', 'M', '0', '1998-09-12 21:16:33', '61883628e75f269a64de2368bb6bb6');
INSERT INTO `users` (`id`, `firstname`, `lastname`, `email`, `phone`, `birthday`, `hometown`, `gender`, `photo_id`, `created_at`, `pass`) VALUES ('42', 'Margarita', 'Ferry', 'samanta03@example.org', '(548)391-2468', '2013-05-13', 'Amaliaberg', 'M', '2', '2000-07-06 03:58:08', '73572c1757a9b3e69def026d19c63c');
INSERT INTO `users` (`id`, `firstname`, `lastname`, `email`, `phone`, `birthday`, `hometown`, `gender`, `photo_id`, `created_at`, `pass`) VALUES ('43', 'Jerod', 'Kihn', 'vicenta.rutherford@example.org', '+29(6)6745683167', '1993-05-26', 'Port Celia', 'F', '7', '1980-10-31 10:35:52', 'af9b83a7064760b76404bf106ba1ea');
INSERT INTO `users` (`id`, `firstname`, `lastname`, `email`, `phone`, `birthday`, `hometown`, `gender`, `photo_id`, `created_at`, `pass`) VALUES ('44', 'Dedric', 'Olson', 'frice@example.com', '+45(7)2941965988', '1990-12-12', 'West Shanna', 'F', '9', '1974-05-11 07:41:21', '3909604bb12948fb9131082332d1f0');
INSERT INTO `users` (`id`, `firstname`, `lastname`, `email`, `phone`, `birthday`, `hometown`, `gender`, `photo_id`, `created_at`, `pass`) VALUES ('45', 'Else', 'Zemlak', 'oberbrunner.ciara@example.com', '925.808.5611', '1974-12-01', 'North Pearliefort', 'M', '4', '2012-11-20 06:57:42', '04bdfe816d8a74f59177a85218550b');
INSERT INTO `users` (`id`, `firstname`, `lastname`, `email`, `phone`, `birthday`, `hometown`, `gender`, `photo_id`, `created_at`, `pass`) VALUES ('46', 'Jaime', 'Stokes', 'art25@example.com', '191-904-4361', '1998-07-01', 'Lake Anderson', 'M', '6', '2001-10-21 18:25:28', '9bf7157fb9ba22d8851ca73d2a865c');
INSERT INTO `users` (`id`, `firstname`, `lastname`, `email`, `phone`, `birthday`, `hometown`, `gender`, `photo_id`, `created_at`, `pass`) VALUES ('47', 'Opal', 'Stroman', 'abagail50@example.org', '535.075.9168x196', '1986-03-18', 'South Shaneland', 'M', '0', '2007-03-22 02:59:56', 'b84c24f1bf0dee6c23094471d215f4');
INSERT INTO `users` (`id`, `firstname`, `lastname`, `email`, `phone`, `birthday`, `hometown`, `gender`, `photo_id`, `created_at`, `pass`) VALUES ('48', 'Ruben', 'Senger', 'ferry.ima@example.net', '(308)599-9692', '2013-04-18', 'Marianeborough', 'F', '3', '1998-09-27 16:42:53', 'fe5746a71bb8ca8a3977d334ae20b0');
INSERT INTO `users` (`id`, `firstname`, `lastname`, `email`, `phone`, `birthday`, `hometown`, `gender`, `photo_id`, `created_at`, `pass`) VALUES ('49', 'Chauncey', 'Brown', 'mathias40@example.com', '502.139.4482x6444', '2001-05-17', 'North Boris', 'F', '2', '1987-08-14 01:00:10', 'ceb8fe8025b178326ea05a6bcfacca');
INSERT INTO `users` (`id`, `firstname`, `lastname`, `email`, `phone`, `birthday`, `hometown`, `gender`, `photo_id`, `created_at`, `pass`) VALUES ('50', 'Oma', 'Heaney', 'wcole@example.com', '500.584.2195x647', '2005-12-02', 'Lake Talonville', 'F', '4', '2016-10-18 11:50:11', '872178b0272b6440c0a8b94651c090');
INSERT INTO `users` (`id`, `firstname`, `lastname`, `email`, `phone`, `birthday`, `hometown`, `gender`, `photo_id`, `created_at`, `pass`) VALUES ('51', 'Mekhi', 'Bradtke', 'zieme.erin@example.org', '145.670.3950', '1992-01-14', 'East Johnny', 'M', '0', '1974-03-26 01:44:29', '265e06ec0287d91d3785e88ddc80fd');
INSERT INTO `users` (`id`, `firstname`, `lastname`, `email`, `phone`, `birthday`, `hometown`, `gender`, `photo_id`, `created_at`, `pass`) VALUES ('52', 'Everette', 'Wolf', 'burdette.becker@example.net', '097.133.5039', '2019-07-30', 'Port Lucile', 'F', '2', '1986-11-06 13:44:41', 'd2319206122d0e775ba44bcf42cdf7');
INSERT INTO `users` (`id`, `firstname`, `lastname`, `email`, `phone`, `birthday`, `hometown`, `gender`, `photo_id`, `created_at`, `pass`) VALUES ('53', 'Candelario', 'Gaylord', 'sgleichner@example.org', '1-999-262-8209x34942', '1970-06-14', 'Lake Alisaburgh', 'M', '8', '1989-11-07 00:26:45', '94535c56d21dbedabac555aaa42975');
INSERT INTO `users` (`id`, `firstname`, `lastname`, `email`, `phone`, `birthday`, `hometown`, `gender`, `photo_id`, `created_at`, `pass`) VALUES ('54', 'Frederick', 'Schiller', 'zemlak.joesph@example.com', '803-137-6157', '1989-02-09', 'West Alannaberg', 'M', '9', '1989-05-28 19:04:42', '66475099bb4d21eed843d184838eef');
INSERT INTO `users` (`id`, `firstname`, `lastname`, `email`, `phone`, `birthday`, `hometown`, `gender`, `photo_id`, `created_at`, `pass`) VALUES ('55', 'Garnett', 'Pfannerstill', 'jadon.anderson@example.net', '(358)516-5189x30611', '1982-05-10', 'O\'Keefebury', 'F', '4', '1981-01-24 16:10:01', 'ccdd37ed81eb4a0c7ba39ae869a9c9');
INSERT INTO `users` (`id`, `firstname`, `lastname`, `email`, `phone`, `birthday`, `hometown`, `gender`, `photo_id`, `created_at`, `pass`) VALUES ('56', 'Brianne', 'Stoltenberg', 'ywelch@example.org', '573-732-8932x34785', '2012-02-04', 'North Ruthiemouth', 'M', '7', '1988-07-30 21:26:41', 'ae67cd7c71b95b449340876cc3e95f');
INSERT INTO `users` (`id`, `firstname`, `lastname`, `email`, `phone`, `birthday`, `hometown`, `gender`, `photo_id`, `created_at`, `pass`) VALUES ('57', 'Lola', 'Keeling', 'ramon.hermiston@example.org', '760-544-4272x90281', '2013-04-02', 'East Krystelland', 'F', '2', '2003-09-19 06:39:23', '0073d4c0bed6e284b89f0b47e4ee28');
INSERT INTO `users` (`id`, `firstname`, `lastname`, `email`, `phone`, `birthday`, `hometown`, `gender`, `photo_id`, `created_at`, `pass`) VALUES ('58', 'Napoleon', 'Nitzsche', 'kylee34@example.org', '1-345-606-6236x2026', '2007-05-26', 'East Ferne', 'F', '1', '1996-06-08 19:10:17', '97dac4a93209b0e07f75d36db3bba1');
INSERT INTO `users` (`id`, `firstname`, `lastname`, `email`, `phone`, `birthday`, `hometown`, `gender`, `photo_id`, `created_at`, `pass`) VALUES ('59', 'Lysanne', 'Bayer', 'johann24@example.com', '280.982.0923x4459', '1984-01-22', 'Cruickshankburgh', 'M', '6', '1990-06-18 14:23:41', '4ebc713aab3e499dedaff0fe2e0bb4');
INSERT INTO `users` (`id`, `firstname`, `lastname`, `email`, `phone`, `birthday`, `hometown`, `gender`, `photo_id`, `created_at`, `pass`) VALUES ('60', 'Kirk', 'Bradtke', 'waters.marcus@example.org', '614.434.9222', '2006-05-20', 'Tessieland', 'F', '5', '1999-03-21 22:16:42', '40ac375c76179b6280011b93657659');
INSERT INTO `users` (`id`, `firstname`, `lastname`, `email`, `phone`, `birthday`, `hometown`, `gender`, `photo_id`, `created_at`, `pass`) VALUES ('61', 'Eddie', 'Klein', 'jmohr@example.com', '(683)372-7756', '2005-06-15', 'Feilberg', 'M', '9', '1985-10-19 22:17:53', 'a9861e351bb8a51ab634e2b4facdff');
INSERT INTO `users` (`id`, `firstname`, `lastname`, `email`, `phone`, `birthday`, `hometown`, `gender`, `photo_id`, `created_at`, `pass`) VALUES ('62', 'General', 'Cronin', 'jones.eugene@example.com', '180.399.7636x9890', '2003-12-27', 'Port David', 'M', '8', '1996-06-28 09:16:44', '2e9e274aa9d921f50fec5d5169c18d');
INSERT INTO `users` (`id`, `firstname`, `lastname`, `email`, `phone`, `birthday`, `hometown`, `gender`, `photo_id`, `created_at`, `pass`) VALUES ('63', 'Raheem', 'Lind', 'courtney50@example.com', '399-062-8722', '2002-05-27', 'Strackechester', 'M', '8', '2010-01-24 03:00:29', '57c0dbb2cbc6df06a2b7fd2b698a20');
INSERT INTO `users` (`id`, `firstname`, `lastname`, `email`, `phone`, `birthday`, `hometown`, `gender`, `photo_id`, `created_at`, `pass`) VALUES ('64', 'Deanna', 'Lockman', 'felton19@example.net', '186.287.8830x40993', '1971-09-10', 'West Milochester', 'F', '1', '1982-03-02 02:25:03', 'd56f9e5b3d77c3ff37dd2dd95104ea');
INSERT INTO `users` (`id`, `firstname`, `lastname`, `email`, `phone`, `birthday`, `hometown`, `gender`, `photo_id`, `created_at`, `pass`) VALUES ('65', 'Myah', 'Larson', 'michaela.frami@example.org', '06597327387', '2010-04-11', 'Jaunitafort', 'M', '1', '2015-03-02 06:43:28', '95222a2f25d761d64fff66a44326a8');
INSERT INTO `users` (`id`, `firstname`, `lastname`, `email`, `phone`, `birthday`, `hometown`, `gender`, `photo_id`, `created_at`, `pass`) VALUES ('66', 'Lucienne', 'Hirthe', 'jade35@example.com', '028-020-5054x218', '1991-02-17', 'Nealchester', 'F', '8', '1989-08-15 08:11:42', '3272bcbdf24b30b1b73c6db1c7088b');
INSERT INTO `users` (`id`, `firstname`, `lastname`, `email`, `phone`, `birthday`, `hometown`, `gender`, `photo_id`, `created_at`, `pass`) VALUES ('67', 'Mireya', 'Hettinger', 'iyundt@example.net', '490.796.0922x89733', '2001-11-16', 'Nitzscheshire', 'F', '3', '2008-10-19 14:04:07', '66acb6ad49b23109c2315e57b575a5');
INSERT INTO `users` (`id`, `firstname`, `lastname`, `email`, `phone`, `birthday`, `hometown`, `gender`, `photo_id`, `created_at`, `pass`) VALUES ('68', 'Nyah', 'Frami', 'aernser@example.com', '440-402-1199', '2014-03-12', 'Jorditon', 'F', '7', '1996-01-17 20:39:08', 'd22341e3f6247861fb71194f7a4ee3');
INSERT INTO `users` (`id`, `firstname`, `lastname`, `email`, `phone`, `birthday`, `hometown`, `gender`, `photo_id`, `created_at`, `pass`) VALUES ('69', 'Wendy', 'Jaskolski', 'olson.karen@example.org', '1-211-541-3176x1388', '2019-10-07', 'West Alanna', 'F', '3', '1989-05-03 15:32:40', 'aeea09802b2ff557d2939339136466');
INSERT INTO `users` (`id`, `firstname`, `lastname`, `email`, `phone`, `birthday`, `hometown`, `gender`, `photo_id`, `created_at`, `pass`) VALUES ('70', 'Robert', 'Gorczany', 'rmitchell@example.org', '262.203.8788x13345', '2016-07-05', 'Lake Faeland', 'M', '5', '1995-04-22 21:40:18', '9ea21fb6109c3a04d990c799241a5b');
INSERT INTO `users` (`id`, `firstname`, `lastname`, `email`, `phone`, `birthday`, `hometown`, `gender`, `photo_id`, `created_at`, `pass`) VALUES ('71', 'Gene', 'Ondricka', 'kadin.okuneva@example.org', '(876)070-6804x960', '1985-03-09', 'Holliemouth', 'F', '3', '1972-03-19 04:39:53', 'ba583200c47185c3df7971537ca7b1');
INSERT INTO `users` (`id`, `firstname`, `lastname`, `email`, `phone`, `birthday`, `hometown`, `gender`, `photo_id`, `created_at`, `pass`) VALUES ('72', 'Charity', 'Walsh', 'aliya.stehr@example.org', '610-020-3490x525', '1976-04-19', 'Schmitthaven', 'F', '4', '2019-06-02 03:28:24', 'f0a4fe624c571b68a7d36f88b81c0c');
INSERT INTO `users` (`id`, `firstname`, `lastname`, `email`, `phone`, `birthday`, `hometown`, `gender`, `photo_id`, `created_at`, `pass`) VALUES ('73', 'Mellie', 'Herzog', 'forrest.padberg@example.net', '502-663-8717x6842', '1982-12-28', 'Dickinsonmouth', 'M', '0', '1984-03-14 13:54:13', 'f577eebade45f55a7a21aa67c2c1f2');
INSERT INTO `users` (`id`, `firstname`, `lastname`, `email`, `phone`, `birthday`, `hometown`, `gender`, `photo_id`, `created_at`, `pass`) VALUES ('74', 'Ariane', 'Satterfield', 'tkiehn@example.net', '275-018-4035x352', '1988-12-22', 'Kertzmannbury', 'F', '1', '1999-03-13 00:15:54', 'ac111e504c2fe00ec88ea39b992f46');
INSERT INTO `users` (`id`, `firstname`, `lastname`, `email`, `phone`, `birthday`, `hometown`, `gender`, `photo_id`, `created_at`, `pass`) VALUES ('75', 'Winnifred', 'Barrows', 'may96@example.org', '1-098-668-9822', '1975-10-12', 'Port Fannie', 'F', '5', '2008-04-28 05:45:32', '50dca65c912c268f9a226a220a76a8');
INSERT INTO `users` (`id`, `firstname`, `lastname`, `email`, `phone`, `birthday`, `hometown`, `gender`, `photo_id`, `created_at`, `pass`) VALUES ('76', 'Richie', 'Howe', 'koch.philip@example.net', '(889)445-0353x4678', '2017-10-04', 'Trentonmouth', 'M', '4', '1993-11-24 14:35:14', '0feb0a67e78b03b77e701913b19c27');
INSERT INTO `users` (`id`, `firstname`, `lastname`, `email`, `phone`, `birthday`, `hometown`, `gender`, `photo_id`, `created_at`, `pass`) VALUES ('77', 'Maudie', 'Bartoletti', 'jheathcote@example.com', '279-078-2638', '1990-11-21', 'Terranceton', 'M', '4', '1987-12-03 09:59:09', '812e800da06516505c7b750b6a6990');
INSERT INTO `users` (`id`, `firstname`, `lastname`, `email`, `phone`, `birthday`, `hometown`, `gender`, `photo_id`, `created_at`, `pass`) VALUES ('78', 'Birdie', 'Schimmel', 'sydney.sauer@example.com', '535-332-9829x89883', '1979-03-30', 'Braunland', 'F', '9', '1981-10-08 05:04:07', '8ba15b198d8425f99c9882ae864d70');
INSERT INTO `users` (`id`, `firstname`, `lastname`, `email`, `phone`, `birthday`, `hometown`, `gender`, `photo_id`, `created_at`, `pass`) VALUES ('79', 'Sallie', 'Lehner', 'hackett.skyla@example.net', '808-586-7284x2913', '2000-12-03', 'Blandaborough', 'F', '1', '1999-07-26 10:18:29', 'cf19acded2ce3ec842fcd7515fcdec');
INSERT INTO `users` (`id`, `firstname`, `lastname`, `email`, `phone`, `birthday`, `hometown`, `gender`, `photo_id`, `created_at`, `pass`) VALUES ('80', 'Joanne', 'Daniel', 'zcorwin@example.com', '01159361078', '1995-01-06', 'East Arvillafurt', 'M', '5', '1990-11-18 03:02:33', '6853d6d5a1f5ea730d0b858cfe3ee6');
INSERT INTO `users` (`id`, `firstname`, `lastname`, `email`, `phone`, `birthday`, `hometown`, `gender`, `photo_id`, `created_at`, `pass`) VALUES ('81', 'Henry', 'Legros', 'ideckow@example.net', '(115)548-0942x21383', '1970-03-13', 'Jaedenville', 'M', '0', '2011-08-15 15:04:15', '8c77dc8bb115daea2b4cf5ae559161');
INSERT INTO `users` (`id`, `firstname`, `lastname`, `email`, `phone`, `birthday`, `hometown`, `gender`, `photo_id`, `created_at`, `pass`) VALUES ('82', 'Cleora', 'Yundt', 'daugherty.cassandre@example.org', '+09(0)2051968621', '1993-02-09', 'South Davinfort', 'M', '8', '2012-07-02 17:43:21', 'dad4e0c0ad2ed0f978198e1da54a71');
INSERT INTO `users` (`id`, `firstname`, `lastname`, `email`, `phone`, `birthday`, `hometown`, `gender`, `photo_id`, `created_at`, `pass`) VALUES ('83', 'Veronica', 'Roob', 'mercedes25@example.net', '165.125.1135', '2010-05-26', 'Palmaside', 'M', '7', '1973-10-20 20:20:17', '28160568a88eb79c761d5eb17b0d9b');
INSERT INTO `users` (`id`, `firstname`, `lastname`, `email`, `phone`, `birthday`, `hometown`, `gender`, `photo_id`, `created_at`, `pass`) VALUES ('84', 'Darryl', 'Herman', 'daugherty.keyshawn@example.net', '1-702-134-8702', '2011-03-22', 'Alessandraville', 'M', '1', '1998-02-01 03:50:02', '5511456fab3162a22fa0e37247b939');
INSERT INTO `users` (`id`, `firstname`, `lastname`, `email`, `phone`, `birthday`, `hometown`, `gender`, `photo_id`, `created_at`, `pass`) VALUES ('85', 'Korey', 'Waters', 'tiffany02@example.net', '1-978-073-9903x3690', '2004-06-21', 'Reillyland', 'M', '1', '1973-12-26 17:59:35', '627d709fb0cc915cde44b0a891c477');
INSERT INTO `users` (`id`, `firstname`, `lastname`, `email`, `phone`, `birthday`, `hometown`, `gender`, `photo_id`, `created_at`, `pass`) VALUES ('86', 'Selina', 'Lemke', 'lucius40@example.com', '+62(7)9933409966', '2016-06-14', 'Noeburgh', 'F', '1', '2011-05-05 10:56:18', '72a54153ee731978220233308fe5d3');
INSERT INTO `users` (`id`, `firstname`, `lastname`, `email`, `phone`, `birthday`, `hometown`, `gender`, `photo_id`, `created_at`, `pass`) VALUES ('87', 'Felipe', 'Dickinson', 'davis.charity@example.org', '06926536935', '2005-02-26', 'Effertzton', 'F', '0', '2014-11-19 00:34:35', '219b71d99586d5b3986e95487e7c0a');
INSERT INTO `users` (`id`, `firstname`, `lastname`, `email`, `phone`, `birthday`, `hometown`, `gender`, `photo_id`, `created_at`, `pass`) VALUES ('88', 'Marlen', 'Howell', 'cindy.lang@example.com', '738.600.0485x57269', '1977-11-23', 'Port Dane', 'M', '8', '1982-10-31 03:35:50', 'd510f6688fd89f6e3e645b908bf8d0');
INSERT INTO `users` (`id`, `firstname`, `lastname`, `email`, `phone`, `birthday`, `hometown`, `gender`, `photo_id`, `created_at`, `pass`) VALUES ('89', 'Ralph', 'Hilpert', 'hipolito06@example.com', '333.518.7629', '1994-10-25', 'Goyetteburgh', 'M', '2', '2010-01-18 18:38:59', '4f6e089a5f8fca17301087b856e575');
INSERT INTO `users` (`id`, `firstname`, `lastname`, `email`, `phone`, `birthday`, `hometown`, `gender`, `photo_id`, `created_at`, `pass`) VALUES ('90', 'Dominique', 'Marquardt', 'elbert77@example.org', '(440)752-3386', '2009-10-11', 'Myahaven', 'F', '0', '2006-06-16 03:47:17', 'b13face68dc9580f90d2934078aeb7');
INSERT INTO `users` (`id`, `firstname`, `lastname`, `email`, `phone`, `birthday`, `hometown`, `gender`, `photo_id`, `created_at`, `pass`) VALUES ('91', 'Christopher', 'Swift', 'kelton.greenfelder@example.net', '936-702-3459x46625', '1994-10-28', 'New Francesco', 'M', '9', '1976-12-30 14:44:19', '8d76ad0e05da68bc320b6817c625c0');
INSERT INTO `users` (`id`, `firstname`, `lastname`, `email`, `phone`, `birthday`, `hometown`, `gender`, `photo_id`, `created_at`, `pass`) VALUES ('92', 'Hailie', 'Stracke', 'maxine.feil@example.net', '(670)435-2180', '2006-05-09', 'West Herthaville', 'F', '1', '1982-12-06 01:28:48', 'b1dcf5be9fff62da2972d79ad9c553');
INSERT INTO `users` (`id`, `firstname`, `lastname`, `email`, `phone`, `birthday`, `hometown`, `gender`, `photo_id`, `created_at`, `pass`) VALUES ('93', 'Giovani', 'Ruecker', 'sid.ullrich@example.net', '(567)558-8416', '1975-02-26', 'New Robbie', 'M', '4', '2006-09-23 02:26:24', '65495745a9fe88bf0b24d54f6c8d12');
INSERT INTO `users` (`id`, `firstname`, `lastname`, `email`, `phone`, `birthday`, `hometown`, `gender`, `photo_id`, `created_at`, `pass`) VALUES ('94', 'Saige', 'Anderson', 'kailee96@example.net', '04420078295', '2020-04-25', 'North Maureenbury', 'M', '6', '2017-03-25 22:04:31', '43762c3934f3a41027e44b820dc0c2');
INSERT INTO `users` (`id`, `firstname`, `lastname`, `email`, `phone`, `birthday`, `hometown`, `gender`, `photo_id`, `created_at`, `pass`) VALUES ('95', 'Gladyce', 'Steuber', 'clovis19@example.org', '223.701.4067x151', '1994-12-19', 'Kuhlmanport', 'M', '2', '2005-10-11 20:07:56', '967845cd94d9fbfe1ede51d1267d91');
INSERT INTO `users` (`id`, `firstname`, `lastname`, `email`, `phone`, `birthday`, `hometown`, `gender`, `photo_id`, `created_at`, `pass`) VALUES ('96', 'Maxwell', 'Jenkins', 'bergnaum.jonathon@example.net', '1-997-803-8220', '2013-03-25', 'Smithamland', 'F', '3', '1986-09-08 19:44:36', '27f0fc1559083ba0b72066e8663401');
INSERT INTO `users` (`id`, `firstname`, `lastname`, `email`, `phone`, `birthday`, `hometown`, `gender`, `photo_id`, `created_at`, `pass`) VALUES ('97', 'Gavin', 'Witting', 'ankunding.steve@example.org', '104-675-1528x05129', '1993-08-26', 'North Octaviahaven', 'F', '9', '1998-10-30 03:42:56', '1ddce1c3cb48bed5f1bbef2c4b9817');
INSERT INTO `users` (`id`, `firstname`, `lastname`, `email`, `phone`, `birthday`, `hometown`, `gender`, `photo_id`, `created_at`, `pass`) VALUES ('98', 'Denis', 'Ferry', 'westley64@example.com', '455.629.3903', '1991-08-27', 'Lake Violette', 'F', '2', '1975-03-16 04:14:36', '7eb4a52d3cbe1c232ec8291acdc894');
INSERT INTO `users` (`id`, `firstname`, `lastname`, `email`, `phone`, `birthday`, `hometown`, `gender`, `photo_id`, `created_at`, `pass`) VALUES ('99', 'Jannie', 'Satterfield', 'keeling.jerad@example.com', '899-607-9479', '2007-08-22', 'McLaughlinmouth', 'F', '3', '1971-09-24 23:07:15', '55e8a4ac3dc9171241ed6b96c3b244');
INSERT INTO `users` (`id`, `firstname`, `lastname`, `email`, `phone`, `birthday`, `hometown`, `gender`, `photo_id`, `created_at`, `pass`) VALUES ('100', 'Dock', 'Morissette', 'zdaniel@example.net', '717-495-2953', '2006-03-26', 'Harryberg', 'M', '8', '1973-07-07 03:51:42', '867c555df8986af8167f9505cdce51');

INSERT INTO `settings` (`user_id`, `can_see`, `can_comment`, `can_message`) VALUES ('1', 'nobody', 'friends', 'friends_of_friends');
INSERT INTO `settings` (`user_id`, `can_see`, `can_comment`, `can_message`) VALUES ('2', 'nobody', 'friends_of_friends', 'nobody');
INSERT INTO `settings` (`user_id`, `can_see`, `can_comment`, `can_message`) VALUES ('3', 'friends', 'all', 'friends');
INSERT INTO `settings` (`user_id`, `can_see`, `can_comment`, `can_message`) VALUES ('4', 'friends', 'nobody', 'friends');
INSERT INTO `settings` (`user_id`, `can_see`, `can_comment`, `can_message`) VALUES ('5', 'nobody', 'nobody', 'friends');
INSERT INTO `settings` (`user_id`, `can_see`, `can_comment`, `can_message`) VALUES ('6', 'all', 'friends_of_friends', 'nobody');
INSERT INTO `settings` (`user_id`, `can_see`, `can_comment`, `can_message`) VALUES ('7', 'friends_of_friends', 'friends', 'friends_of_friends');
INSERT INTO `settings` (`user_id`, `can_see`, `can_comment`, `can_message`) VALUES ('8', 'friends', 'friends', 'friends_of_friends');
INSERT INTO `settings` (`user_id`, `can_see`, `can_comment`, `can_message`) VALUES ('9', 'nobody', 'all', 'nobody');
INSERT INTO `settings` (`user_id`, `can_see`, `can_comment`, `can_message`) VALUES ('10', 'all', 'nobody', 'friends_of_friends');
INSERT INTO `settings` (`user_id`, `can_see`, `can_comment`, `can_message`) VALUES ('11', 'friends', 'nobody', 'nobody');
INSERT INTO `settings` (`user_id`, `can_see`, `can_comment`, `can_message`) VALUES ('12', 'friends_of_friends', 'all', 'all');
INSERT INTO `settings` (`user_id`, `can_see`, `can_comment`, `can_message`) VALUES ('13', 'friends_of_friends', 'all', 'nobody');
INSERT INTO `settings` (`user_id`, `can_see`, `can_comment`, `can_message`) VALUES ('14', 'friends', 'friends', 'friends_of_friends');
INSERT INTO `settings` (`user_id`, `can_see`, `can_comment`, `can_message`) VALUES ('15', 'friends', 'friends_of_friends', 'nobody');
INSERT INTO `settings` (`user_id`, `can_see`, `can_comment`, `can_message`) VALUES ('16', 'nobody', 'nobody', 'friends');
INSERT INTO `settings` (`user_id`, `can_see`, `can_comment`, `can_message`) VALUES ('17', 'friends', 'all', 'friends');
INSERT INTO `settings` (`user_id`, `can_see`, `can_comment`, `can_message`) VALUES ('18', 'nobody', 'friends_of_friends', 'friends_of_friends');
INSERT INTO `settings` (`user_id`, `can_see`, `can_comment`, `can_message`) VALUES ('19', 'friends', 'friends', 'all');
INSERT INTO `settings` (`user_id`, `can_see`, `can_comment`, `can_message`) VALUES ('20', 'friends_of_friends', 'all', 'friends_of_friends');
INSERT INTO `settings` (`user_id`, `can_see`, `can_comment`, `can_message`) VALUES ('21', 'all', 'friends', 'all');
INSERT INTO `settings` (`user_id`, `can_see`, `can_comment`, `can_message`) VALUES ('22', 'friends_of_friends', 'nobody', 'nobody');
INSERT INTO `settings` (`user_id`, `can_see`, `can_comment`, `can_message`) VALUES ('23', 'friends', 'all', 'nobody');
INSERT INTO `settings` (`user_id`, `can_see`, `can_comment`, `can_message`) VALUES ('24', 'all', 'all', 'friends_of_friends');
INSERT INTO `settings` (`user_id`, `can_see`, `can_comment`, `can_message`) VALUES ('25', 'nobody', 'friends_of_friends', 'friends');
INSERT INTO `settings` (`user_id`, `can_see`, `can_comment`, `can_message`) VALUES ('26', 'friends_of_friends', 'all', 'nobody');
INSERT INTO `settings` (`user_id`, `can_see`, `can_comment`, `can_message`) VALUES ('27', 'friends', 'friends', 'friends_of_friends');
INSERT INTO `settings` (`user_id`, `can_see`, `can_comment`, `can_message`) VALUES ('28', 'friends', 'friends', 'friends_of_friends');
INSERT INTO `settings` (`user_id`, `can_see`, `can_comment`, `can_message`) VALUES ('29', 'friends', 'friends', 'all');
INSERT INTO `settings` (`user_id`, `can_see`, `can_comment`, `can_message`) VALUES ('30', 'all', 'friends_of_friends', 'friends_of_friends');
INSERT INTO `settings` (`user_id`, `can_see`, `can_comment`, `can_message`) VALUES ('31', 'friends_of_friends', 'friends', 'all');
INSERT INTO `settings` (`user_id`, `can_see`, `can_comment`, `can_message`) VALUES ('32', 'friends_of_friends', 'nobody', 'friends_of_friends');
INSERT INTO `settings` (`user_id`, `can_see`, `can_comment`, `can_message`) VALUES ('33', 'nobody', 'friends', 'friends_of_friends');
INSERT INTO `settings` (`user_id`, `can_see`, `can_comment`, `can_message`) VALUES ('34', 'all', 'friends', 'friends');
INSERT INTO `settings` (`user_id`, `can_see`, `can_comment`, `can_message`) VALUES ('35', 'nobody', 'all', 'nobody');
INSERT INTO `settings` (`user_id`, `can_see`, `can_comment`, `can_message`) VALUES ('36', 'nobody', 'friends', 'friends_of_friends');
INSERT INTO `settings` (`user_id`, `can_see`, `can_comment`, `can_message`) VALUES ('37', 'nobody', 'friends', 'all');
INSERT INTO `settings` (`user_id`, `can_see`, `can_comment`, `can_message`) VALUES ('38', 'all', 'nobody', 'nobody');
INSERT INTO `settings` (`user_id`, `can_see`, `can_comment`, `can_message`) VALUES ('39', 'nobody', 'all', 'nobody');
INSERT INTO `settings` (`user_id`, `can_see`, `can_comment`, `can_message`) VALUES ('40', 'friends', 'nobody', 'all');
INSERT INTO `settings` (`user_id`, `can_see`, `can_comment`, `can_message`) VALUES ('41', 'friends_of_friends', 'nobody', 'friends_of_friends');
INSERT INTO `settings` (`user_id`, `can_see`, `can_comment`, `can_message`) VALUES ('42', 'friends_of_friends', 'all', 'friends_of_friends');
INSERT INTO `settings` (`user_id`, `can_see`, `can_comment`, `can_message`) VALUES ('43', 'friends_of_friends', 'all', 'friends_of_friends');
INSERT INTO `settings` (`user_id`, `can_see`, `can_comment`, `can_message`) VALUES ('44', 'all', 'all', 'nobody');
INSERT INTO `settings` (`user_id`, `can_see`, `can_comment`, `can_message`) VALUES ('45', 'nobody', 'all', 'nobody');
INSERT INTO `settings` (`user_id`, `can_see`, `can_comment`, `can_message`) VALUES ('46', 'friends_of_friends', 'friends', 'all');
INSERT INTO `settings` (`user_id`, `can_see`, `can_comment`, `can_message`) VALUES ('47', 'friends', 'friends', 'all');
INSERT INTO `settings` (`user_id`, `can_see`, `can_comment`, `can_message`) VALUES ('48', 'all', 'friends', 'nobody');
INSERT INTO `settings` (`user_id`, `can_see`, `can_comment`, `can_message`) VALUES ('49', 'friends_of_friends', 'friends', 'all');
INSERT INTO `settings` (`user_id`, `can_see`, `can_comment`, `can_message`) VALUES ('50', 'friends', 'friends_of_friends', 'all');
INSERT INTO `settings` (`user_id`, `can_see`, `can_comment`, `can_message`) VALUES ('51', 'all', 'all', 'all');
INSERT INTO `settings` (`user_id`, `can_see`, `can_comment`, `can_message`) VALUES ('52', 'friends_of_friends', 'friends_of_friends', 'friends');
INSERT INTO `settings` (`user_id`, `can_see`, `can_comment`, `can_message`) VALUES ('53', 'friends', 'friends_of_friends', 'nobody');
INSERT INTO `settings` (`user_id`, `can_see`, `can_comment`, `can_message`) VALUES ('54', 'friends', 'friends', 'friends');
INSERT INTO `settings` (`user_id`, `can_see`, `can_comment`, `can_message`) VALUES ('55', 'nobody', 'nobody', 'friends_of_friends');
INSERT INTO `settings` (`user_id`, `can_see`, `can_comment`, `can_message`) VALUES ('56', 'all', 'nobody', 'friends');
INSERT INTO `settings` (`user_id`, `can_see`, `can_comment`, `can_message`) VALUES ('57', 'friends_of_friends', 'friends', 'nobody');
INSERT INTO `settings` (`user_id`, `can_see`, `can_comment`, `can_message`) VALUES ('58', 'nobody', 'friends', 'friends');
INSERT INTO `settings` (`user_id`, `can_see`, `can_comment`, `can_message`) VALUES ('59', 'friends_of_friends', 'friends_of_friends', 'all');
INSERT INTO `settings` (`user_id`, `can_see`, `can_comment`, `can_message`) VALUES ('60', 'nobody', 'all', 'friends_of_friends');
INSERT INTO `settings` (`user_id`, `can_see`, `can_comment`, `can_message`) VALUES ('61', 'all', 'friends_of_friends', 'friends');
INSERT INTO `settings` (`user_id`, `can_see`, `can_comment`, `can_message`) VALUES ('62', 'friends_of_friends', 'all', 'all');
INSERT INTO `settings` (`user_id`, `can_see`, `can_comment`, `can_message`) VALUES ('63', 'nobody', 'friends', 'friends_of_friends');
INSERT INTO `settings` (`user_id`, `can_see`, `can_comment`, `can_message`) VALUES ('64', 'all', 'friends_of_friends', 'nobody');
INSERT INTO `settings` (`user_id`, `can_see`, `can_comment`, `can_message`) VALUES ('65', 'friends', 'all', 'friends_of_friends');
INSERT INTO `settings` (`user_id`, `can_see`, `can_comment`, `can_message`) VALUES ('66', 'friends', 'friends', 'friends_of_friends');
INSERT INTO `settings` (`user_id`, `can_see`, `can_comment`, `can_message`) VALUES ('67', 'all', 'friends_of_friends', 'friends');
INSERT INTO `settings` (`user_id`, `can_see`, `can_comment`, `can_message`) VALUES ('68', 'friends', 'friends_of_friends', 'nobody');
INSERT INTO `settings` (`user_id`, `can_see`, `can_comment`, `can_message`) VALUES ('69', 'all', 'friends', 'friends');
INSERT INTO `settings` (`user_id`, `can_see`, `can_comment`, `can_message`) VALUES ('70', 'nobody', 'all', 'all');
INSERT INTO `settings` (`user_id`, `can_see`, `can_comment`, `can_message`) VALUES ('71', 'friends_of_friends', 'all', 'friends_of_friends');
INSERT INTO `settings` (`user_id`, `can_see`, `can_comment`, `can_message`) VALUES ('72', 'friends', 'friends', 'all');
INSERT INTO `settings` (`user_id`, `can_see`, `can_comment`, `can_message`) VALUES ('73', 'all', 'nobody', 'friends_of_friends');
INSERT INTO `settings` (`user_id`, `can_see`, `can_comment`, `can_message`) VALUES ('74', 'friends', 'friends_of_friends', 'friends_of_friends');
INSERT INTO `settings` (`user_id`, `can_see`, `can_comment`, `can_message`) VALUES ('75', 'friends', 'friends', 'all');
INSERT INTO `settings` (`user_id`, `can_see`, `can_comment`, `can_message`) VALUES ('76', 'friends', 'friends_of_friends', 'friends_of_friends');
INSERT INTO `settings` (`user_id`, `can_see`, `can_comment`, `can_message`) VALUES ('77', 'friends_of_friends', 'friends', 'all');
INSERT INTO `settings` (`user_id`, `can_see`, `can_comment`, `can_message`) VALUES ('78', 'nobody', 'nobody', 'friends_of_friends');
INSERT INTO `settings` (`user_id`, `can_see`, `can_comment`, `can_message`) VALUES ('79', 'friends_of_friends', 'friends', 'friends_of_friends');
INSERT INTO `settings` (`user_id`, `can_see`, `can_comment`, `can_message`) VALUES ('80', 'friends_of_friends', 'friends', 'nobody');
INSERT INTO `settings` (`user_id`, `can_see`, `can_comment`, `can_message`) VALUES ('81', 'nobody', 'nobody', 'all');
INSERT INTO `settings` (`user_id`, `can_see`, `can_comment`, `can_message`) VALUES ('82', 'friends_of_friends', 'friends', 'friends_of_friends');
INSERT INTO `settings` (`user_id`, `can_see`, `can_comment`, `can_message`) VALUES ('83', 'nobody', 'friends_of_friends', 'friends_of_friends');
INSERT INTO `settings` (`user_id`, `can_see`, `can_comment`, `can_message`) VALUES ('84', 'friends_of_friends', 'friends_of_friends', 'all');
INSERT INTO `settings` (`user_id`, `can_see`, `can_comment`, `can_message`) VALUES ('85', 'friends', 'all', 'friends_of_friends');
INSERT INTO `settings` (`user_id`, `can_see`, `can_comment`, `can_message`) VALUES ('86', 'nobody', 'nobody', 'nobody');
INSERT INTO `settings` (`user_id`, `can_see`, `can_comment`, `can_message`) VALUES ('87', 'all', 'all', 'nobody');
INSERT INTO `settings` (`user_id`, `can_see`, `can_comment`, `can_message`) VALUES ('88', 'nobody', 'friends_of_friends', 'nobody');
INSERT INTO `settings` (`user_id`, `can_see`, `can_comment`, `can_message`) VALUES ('89', 'all', 'friends', 'all');
INSERT INTO `settings` (`user_id`, `can_see`, `can_comment`, `can_message`) VALUES ('90', 'nobody', 'friends', 'nobody');
INSERT INTO `settings` (`user_id`, `can_see`, `can_comment`, `can_message`) VALUES ('91', 'all', 'friends_of_friends', 'all');
INSERT INTO `settings` (`user_id`, `can_see`, `can_comment`, `can_message`) VALUES ('92', 'nobody', 'friends_of_friends', 'nobody');
INSERT INTO `settings` (`user_id`, `can_see`, `can_comment`, `can_message`) VALUES ('93', 'friends', 'nobody', 'all');
INSERT INTO `settings` (`user_id`, `can_see`, `can_comment`, `can_message`) VALUES ('94', 'all', 'all', 'all');
INSERT INTO `settings` (`user_id`, `can_see`, `can_comment`, `can_message`) VALUES ('95', 'friends_of_friends', 'friends', 'all');
INSERT INTO `settings` (`user_id`, `can_see`, `can_comment`, `can_message`) VALUES ('96', 'friends', 'all', 'friends');
INSERT INTO `settings` (`user_id`, `can_see`, `can_comment`, `can_message`) VALUES ('97', 'friends', 'all', 'all');
INSERT INTO `settings` (`user_id`, `can_see`, `can_comment`, `can_message`) VALUES ('98', 'friends_of_friends', 'all', 'friends');
INSERT INTO `settings` (`user_id`, `can_see`, `can_comment`, `can_message`) VALUES ('99', 'all', 'all', 'nobody');
INSERT INTO `settings` (`user_id`, `can_see`, `can_comment`, `can_message`) VALUES ('100', 'all', 'all', 'friends');

INSERT INTO `messages` (`id`, `from_user_id`, `to_user_id`, `message`, `is_read`, `created_at`) VALUES ('1', '100', '94', 'Repellendus et sit dolores vero dicta voluptas est. Aut quod in molestiae non dicta. Qui voluptatibus inventore asperiores tenetur. Doloribus labore expedita id corrupti.', 0, '2003-09-16 17:15:58');
INSERT INTO `messages` (`id`, `from_user_id`, `to_user_id`, `message`, `is_read`, `created_at`) VALUES ('2', '56', '35', 'Dolores dolor ut in ad. Ipsum vel quas quia voluptatem. Perferendis occaecati rerum iste quia sed sunt.', 0, '2011-05-15 03:45:54');
INSERT INTO `messages` (`id`, `from_user_id`, `to_user_id`, `message`, `is_read`, `created_at`) VALUES ('3', '73', '96', 'Qui eum eligendi aut aliquid ex. Optio numquam tenetur quam in excepturi. Neque qui delectus tenetur recusandae distinctio voluptas dicta.', 1, '1991-03-04 00:54:14');
INSERT INTO `messages` (`id`, `from_user_id`, `to_user_id`, `message`, `is_read`, `created_at`) VALUES ('4', '17', '74', 'Eos recusandae quis ullam iusto harum. Veniam corrupti ducimus praesentium. Voluptas voluptatem quibusdam qui in magnam ut aut.', 1, '2003-11-14 01:34:18');
INSERT INTO `messages` (`id`, `from_user_id`, `to_user_id`, `message`, `is_read`, `created_at`) VALUES ('5', '31', '49', 'Beatae quia optio et ut ut unde. Est aspernatur assumenda sed recusandae.', 1, '1982-03-04 13:59:24');
INSERT INTO `messages` (`id`, `from_user_id`, `to_user_id`, `message`, `is_read`, `created_at`) VALUES ('6', '73', '71', 'Nulla et dolorem eveniet aut possimus explicabo voluptatem et. Numquam officiis voluptatem enim atque facere. Praesentium unde consequuntur officia qui recusandae ipsum expedita.', 1, '2006-04-21 11:55:29');
INSERT INTO `messages` (`id`, `from_user_id`, `to_user_id`, `message`, `is_read`, `created_at`) VALUES ('7', '37', '94', 'Aspernatur nihil qui quae ad quis iste qui. Voluptates et eum consectetur ut accusamus eos. Totam labore fugit aspernatur. Omnis inventore modi nobis consequatur.', 1, '1980-08-17 11:21:37');
INSERT INTO `messages` (`id`, `from_user_id`, `to_user_id`, `message`, `is_read`, `created_at`) VALUES ('8', '98', '7', 'Dolores aspernatur quisquam cum dolor numquam assumenda ut perferendis. At ea id saepe voluptates provident debitis qui. Nemo tempora odit est autem sunt architecto.', 1, '1972-05-25 13:58:23');
INSERT INTO `messages` (`id`, `from_user_id`, `to_user_id`, `message`, `is_read`, `created_at`) VALUES ('9', '45', '18', 'Sit et ut reiciendis id qui. Est dignissimos officia ut aperiam corrupti. Consectetur excepturi atque dolorem. Dolore ab fuga et rerum nisi.', 0, '1975-05-11 02:37:19');
INSERT INTO `messages` (`id`, `from_user_id`, `to_user_id`, `message`, `is_read`, `created_at`) VALUES ('10', '89', '15', 'Expedita aut dolorem incidunt. Odio aliquid ut ut aliquam molestiae. Aliquam sint eius quia. Ipsum dolorem atque sit sunt quia.', 0, '1972-04-07 08:18:23');
INSERT INTO `messages` (`id`, `from_user_id`, `to_user_id`, `message`, `is_read`, `created_at`) VALUES ('11', '4', '52', 'Id possimus quam sit quasi ut fuga soluta. Doloribus sunt ipsa eos eligendi aspernatur. Dolorem reprehenderit sed provident nihil aut error perspiciatis.', 0, '1990-07-09 11:55:11');
INSERT INTO `messages` (`id`, `from_user_id`, `to_user_id`, `message`, `is_read`, `created_at`) VALUES ('12', '24', '67', 'Deleniti repudiandae quis ratione. Et sed quia deleniti dolorem. Non harum enim aut voluptatem exercitationem voluptatem qui.', 0, '1999-05-09 02:20:50');
INSERT INTO `messages` (`id`, `from_user_id`, `to_user_id`, `message`, `is_read`, `created_at`) VALUES ('13', '46', '19', 'Nam dolores tenetur perspiciatis omnis sit temporibus. Harum minima consectetur sed soluta ex beatae. Eaque odit consequatur rerum eos veniam molestiae suscipit.', 0, '1987-02-03 18:22:58');
INSERT INTO `messages` (`id`, `from_user_id`, `to_user_id`, `message`, `is_read`, `created_at`) VALUES ('14', '41', '35', 'Vero ullam expedita magni molestiae laborum iusto facere. Temporibus sit eligendi numquam nemo earum corrupti unde. Recusandae quasi rerum dolorum dolorem nemo ratione. Nam est fuga in accusantium.', 1, '1993-04-19 07:19:56');
INSERT INTO `messages` (`id`, `from_user_id`, `to_user_id`, `message`, `is_read`, `created_at`) VALUES ('15', '49', '57', 'Quam est facere provident non facilis excepturi. Inventore ut accusantium facere distinctio. Qui atque saepe ut nihil qui non voluptatem eum. Repellat dicta dolor voluptatibus dolorem dolor.', 1, '1990-02-07 02:24:14');
INSERT INTO `messages` (`id`, `from_user_id`, `to_user_id`, `message`, `is_read`, `created_at`) VALUES ('16', '39', '49', 'Et exercitationem quo libero est omnis culpa nihil. Ratione facere iste officia et blanditiis aut ipsa laborum. Id quibusdam perferendis incidunt et nihil molestias. Assumenda minus sed fugiat facilis culpa odit amet eaque. Omnis iste facere nihil excepturi doloremque quisquam expedita.', 0, '1984-05-08 16:33:12');
INSERT INTO `messages` (`id`, `from_user_id`, `to_user_id`, `message`, `is_read`, `created_at`) VALUES ('17', '51', '95', 'Delectus quam corporis id a similique fuga. Similique asperiores sit adipisci voluptatem porro incidunt tenetur. Aut vel vel sed sunt atque dolorem autem voluptas. Ab autem quod ducimus inventore alias. Voluptatem nihil dolores optio praesentium at nostrum voluptatibus.', 0, '1990-06-25 20:00:34');
INSERT INTO `messages` (`id`, `from_user_id`, `to_user_id`, `message`, `is_read`, `created_at`) VALUES ('18', '83', '23', 'Rerum aperiam voluptatem quas odio distinctio. Et qui optio laudantium odio. Et voluptatem enim at atque ex quaerat voluptatem quia. Laudantium ut totam harum assumenda ut non sunt.', 1, '1978-02-26 21:02:23');
INSERT INTO `messages` (`id`, `from_user_id`, `to_user_id`, `message`, `is_read`, `created_at`) VALUES ('19', '90', '100', 'Ut omnis voluptate ab omnis. Excepturi nisi aliquam repellendus enim. Ipsam architecto nobis facere accusantium id repudiandae fuga.', 0, '2013-01-28 23:39:45');
INSERT INTO `messages` (`id`, `from_user_id`, `to_user_id`, `message`, `is_read`, `created_at`) VALUES ('20', '96', '20', 'Ut facere atque ut. Voluptate distinctio harum maiores. Esse sed harum soluta. Voluptatem fugiat rerum recusandae earum officiis ea.', 0, '1991-04-26 06:01:45');
INSERT INTO `messages` (`id`, `from_user_id`, `to_user_id`, `message`, `is_read`, `created_at`) VALUES ('21', '48', '69', 'Aliquid provident consectetur perferendis cumque officiis libero nihil. Saepe aut magnam vel magni saepe numquam consectetur. Odio omnis delectus repudiandae consequatur. Vel praesentium sit doloremque.', 1, '2007-02-05 09:42:20');
INSERT INTO `messages` (`id`, `from_user_id`, `to_user_id`, `message`, `is_read`, `created_at`) VALUES ('22', '91', '85', 'Quidem tenetur omnis officiis molestias. Aliquid perferendis et iure enim quia alias. Cumque sunt qui eos repudiandae ratione eum sapiente. Laudantium molestiae optio itaque consequuntur.', 1, '1988-10-16 19:44:38');
INSERT INTO `messages` (`id`, `from_user_id`, `to_user_id`, `message`, `is_read`, `created_at`) VALUES ('23', '62', '88', 'Consectetur et at molestiae voluptas et assumenda consequuntur sed. Omnis quod beatae eaque vel expedita vel. Nihil sapiente quis numquam et debitis ratione voluptatum.', 1, '1972-10-08 11:49:53');
INSERT INTO `messages` (`id`, `from_user_id`, `to_user_id`, `message`, `is_read`, `created_at`) VALUES ('24', '91', '7', 'Voluptatem molestiae qui reprehenderit magni voluptatem in. Fugiat nemo reiciendis non ipsum qui id rerum repellendus. Suscipit quas et in eum at.', 1, '1989-10-19 00:15:32');
INSERT INTO `messages` (`id`, `from_user_id`, `to_user_id`, `message`, `is_read`, `created_at`) VALUES ('25', '5', '80', 'Occaecati ducimus quia amet ut quia. Iusto impedit fugit eum. Assumenda alias ratione mollitia est tempore ut et.', 1, '2007-08-10 10:10:52');
INSERT INTO `messages` (`id`, `from_user_id`, `to_user_id`, `message`, `is_read`, `created_at`) VALUES ('26', '21', '9', 'Delectus excepturi tempore omnis et. Ducimus nobis tenetur porro ut facilis est. Rerum nihil occaecati ex in vero.', 1, '1991-03-26 14:41:17');
INSERT INTO `messages` (`id`, `from_user_id`, `to_user_id`, `message`, `is_read`, `created_at`) VALUES ('27', '31', '44', 'Quam quis repellat quaerat iste. Ut dolor odit veniam. Sed incidunt vel in corrupti id culpa. Iure at eligendi voluptatem amet voluptate rem explicabo.', 1, '2002-09-20 19:16:29');
INSERT INTO `messages` (`id`, `from_user_id`, `to_user_id`, `message`, `is_read`, `created_at`) VALUES ('28', '76', '77', 'Et autem provident consequatur dolor. Autem nisi saepe sint laboriosam dolore et. Qui rerum quia blanditiis ea excepturi pariatur voluptas aut. Maiores vel quae consequuntur suscipit.', 1, '1973-03-11 17:13:09');
INSERT INTO `messages` (`id`, `from_user_id`, `to_user_id`, `message`, `is_read`, `created_at`) VALUES ('29', '62', '17', 'Facere error enim magni quisquam doloremque qui. Praesentium at explicabo et culpa magni non. Officia harum explicabo aut est atque et fuga ipsa. In nisi et est.', 1, '2015-07-02 10:22:32');
INSERT INTO `messages` (`id`, `from_user_id`, `to_user_id`, `message`, `is_read`, `created_at`) VALUES ('30', '11', '11', 'Excepturi perferendis et sit maiores. Et et repudiandae exercitationem est. Dolorum deserunt perspiciatis enim eum tempora consequatur et ab. Dolore corporis aspernatur ea ut.', 0, '1971-10-21 12:13:26');
INSERT INTO `messages` (`id`, `from_user_id`, `to_user_id`, `message`, `is_read`, `created_at`) VALUES ('31', '73', '50', 'Placeat nobis illum dolorem. Eum sunt nam delectus est qui. Ducimus dignissimos provident rerum rerum. Qui enim earum nemo suscipit accusamus sunt. Facere architecto voluptatum ipsum qui aut asperiores facere.', 0, '1981-03-22 09:50:42');
INSERT INTO `messages` (`id`, `from_user_id`, `to_user_id`, `message`, `is_read`, `created_at`) VALUES ('32', '60', '23', 'Eius modi ipsum voluptatum vitae nulla repudiandae laboriosam. Ratione sed reprehenderit modi aut et vel. Et dolor in ut praesentium rem.', 1, '1971-07-09 08:14:45');
INSERT INTO `messages` (`id`, `from_user_id`, `to_user_id`, `message`, `is_read`, `created_at`) VALUES ('33', '44', '43', 'Sint voluptatem maxime consequuntur sapiente sunt id cumque iusto. Nostrum autem veritatis delectus aut possimus. Aut qui quas ratione ad incidunt corrupti accusantium. Illum non itaque modi nobis et magni dicta.', 0, '1981-02-10 01:38:04');
INSERT INTO `messages` (`id`, `from_user_id`, `to_user_id`, `message`, `is_read`, `created_at`) VALUES ('34', '46', '34', 'Quod quia autem tempore placeat est. Voluptatem rerum ea aut sit non facilis. Doloribus quam est nemo.', 0, '1982-11-02 20:55:26');
INSERT INTO `messages` (`id`, `from_user_id`, `to_user_id`, `message`, `is_read`, `created_at`) VALUES ('35', '42', '42', 'Alias cumque quasi consequatur consequatur. Nostrum officiis facilis voluptas voluptatem nulla odio explicabo eligendi. Quo autem quas cupiditate dolores eligendi unde officiis sint. Voluptatibus magni quasi architecto nam minus quo.', 0, '1970-08-12 08:50:52');
INSERT INTO `messages` (`id`, `from_user_id`, `to_user_id`, `message`, `is_read`, `created_at`) VALUES ('36', '53', '90', 'Laborum est nulla expedita optio doloribus reiciendis. Ut impedit sapiente aut tempore qui quia. Corrupti voluptas debitis aut et. Autem placeat ut quos ea.', 0, '1980-01-18 15:59:45');
INSERT INTO `messages` (`id`, `from_user_id`, `to_user_id`, `message`, `is_read`, `created_at`) VALUES ('37', '10', '44', 'Molestias ratione quia porro quasi ratione ea et. Aperiam fuga nisi tempore ut sint. Ad et a inventore tempore. Ut enim impedit pariatur beatae.', 0, '1986-05-26 06:28:00');
INSERT INTO `messages` (`id`, `from_user_id`, `to_user_id`, `message`, `is_read`, `created_at`) VALUES ('38', '74', '72', 'Pariatur itaque tempore cumque inventore. Omnis porro repudiandae blanditiis dolores. Quisquam aliquid architecto nulla sunt molestiae iure ut.', 0, '2009-02-01 14:53:08');
INSERT INTO `messages` (`id`, `from_user_id`, `to_user_id`, `message`, `is_read`, `created_at`) VALUES ('39', '31', '65', 'Nam odit quidem deserunt minima. Et voluptas inventore sed sed minima dolor. Ut dolor ipsum eaque excepturi vel similique est. Voluptatem quia odit repellat sint.', 0, '2008-12-04 05:23:41');
INSERT INTO `messages` (`id`, `from_user_id`, `to_user_id`, `message`, `is_read`, `created_at`) VALUES ('40', '78', '36', 'Sint aut accusamus praesentium quia ex. Aut doloremque quo cumque nesciunt. Explicabo in alias consequuntur molestias officia consequatur laudantium id.', 0, '1995-08-24 19:06:05');
INSERT INTO `messages` (`id`, `from_user_id`, `to_user_id`, `message`, `is_read`, `created_at`) VALUES ('41', '44', '99', 'Veniam pariatur nostrum itaque. Natus illum aut facilis laudantium ad enim. Perspiciatis expedita aperiam rerum ut nulla.', 0, '1983-02-06 22:49:10');
INSERT INTO `messages` (`id`, `from_user_id`, `to_user_id`, `message`, `is_read`, `created_at`) VALUES ('42', '45', '74', 'Laudantium dicta officiis aut ea fugiat qui. Quia qui repellendus libero maxime odit aperiam et soluta. Aspernatur porro perspiciatis ea pariatur.', 0, '1996-07-26 18:16:54');
INSERT INTO `messages` (`id`, `from_user_id`, `to_user_id`, `message`, `is_read`, `created_at`) VALUES ('43', '43', '20', 'Voluptas nam molestiae pariatur totam nihil. Placeat dolorem numquam rem totam exercitationem debitis. Vero blanditiis dignissimos numquam illum aliquam. Corrupti doloremque tenetur perferendis aut minima dolorum veritatis.', 0, '2012-12-17 07:57:16');
INSERT INTO `messages` (`id`, `from_user_id`, `to_user_id`, `message`, `is_read`, `created_at`) VALUES ('44', '51', '5', 'Fugiat numquam fuga repellat deserunt ut saepe et molestiae. Culpa aut minus ipsam pariatur nisi omnis. Sequi corporis nihil pariatur.', 0, '1999-11-09 00:55:33');
INSERT INTO `messages` (`id`, `from_user_id`, `to_user_id`, `message`, `is_read`, `created_at`) VALUES ('45', '36', '61', 'Est magni quo beatae molestias harum impedit. Facere qui enim eum laboriosam inventore tempore.', 1, '2010-08-15 19:39:10');
INSERT INTO `messages` (`id`, `from_user_id`, `to_user_id`, `message`, `is_read`, `created_at`) VALUES ('46', '16', '9', 'Doloremque dolorum distinctio explicabo voluptates nisi quod ea accusamus. Facilis consequatur a vitae rerum vel quia ut. Optio minima maiores et explicabo aliquid excepturi similique.', 0, '2012-06-10 13:28:30');
INSERT INTO `messages` (`id`, `from_user_id`, `to_user_id`, `message`, `is_read`, `created_at`) VALUES ('47', '10', '76', 'Expedita illum nihil omnis eveniet quidem. Quas explicabo at architecto ipsa. Earum eius iste alias et eligendi qui ducimus. Officia recusandae quod nihil sit. Excepturi quaerat deserunt adipisci dolor porro.', 0, '1995-08-24 06:14:09');
INSERT INTO `messages` (`id`, `from_user_id`, `to_user_id`, `message`, `is_read`, `created_at`) VALUES ('48', '32', '54', 'Sed velit eos delectus impedit et aspernatur velit. Dolore aperiam saepe at sed repellendus minus. Incidunt modi quia maiores. Ipsam magni vel quis vitae distinctio id. Pariatur aut consequatur quidem est perferendis voluptatem itaque.', 1, '2011-12-08 08:32:35');
INSERT INTO `messages` (`id`, `from_user_id`, `to_user_id`, `message`, `is_read`, `created_at`) VALUES ('49', '18', '78', 'Praesentium et qui quibusdam sit et assumenda deserunt. Necessitatibus inventore sint repellendus quia optio sapiente hic. Optio enim modi ab et adipisci.', 1, '2004-04-17 14:45:51');
INSERT INTO `messages` (`id`, `from_user_id`, `to_user_id`, `message`, `is_read`, `created_at`) VALUES ('50', '87', '59', 'Id sed voluptatem occaecati et. Ratione aliquam voluptatem magni. Qui aliquid nobis vel est dignissimos architecto dicta eum. Corrupti est alias incidunt sint qui deleniti sint.', 1, '1978-08-19 17:58:38');
INSERT INTO `messages` (`id`, `from_user_id`, `to_user_id`, `message`, `is_read`, `created_at`) VALUES ('51', '19', '40', 'Veniam non consequuntur eos et rerum consequatur quo omnis. Illo rerum possimus velit et. Voluptas doloremque sit ex porro ad a.', 1, '1980-08-16 03:06:41');
INSERT INTO `messages` (`id`, `from_user_id`, `to_user_id`, `message`, `is_read`, `created_at`) VALUES ('52', '49', '29', 'Amet maiores ut adipisci tempore repellendus a illum sit. Sunt qui inventore excepturi mollitia dignissimos ipsa minima et. Exercitationem fugiat est temporibus et hic. Rem laudantium laborum blanditiis quam quos animi laborum.', 0, '1976-02-14 00:39:56');
INSERT INTO `messages` (`id`, `from_user_id`, `to_user_id`, `message`, `is_read`, `created_at`) VALUES ('53', '83', '22', 'Ad exercitationem est laborum. Tempore molestiae eos saepe et quia ratione dolorem numquam. Quibusdam deleniti minima repudiandae aut aut ducimus.', 1, '2004-01-26 06:16:36');
INSERT INTO `messages` (`id`, `from_user_id`, `to_user_id`, `message`, `is_read`, `created_at`) VALUES ('54', '100', '14', 'Id maiores id et saepe neque voluptas inventore. Tempore quaerat culpa nulla.', 0, '1977-05-02 01:34:56');
INSERT INTO `messages` (`id`, `from_user_id`, `to_user_id`, `message`, `is_read`, `created_at`) VALUES ('55', '86', '78', 'Aut nostrum sequi consectetur aut. Natus saepe consequatur dolore nostrum. In non mollitia in sunt recusandae.', 1, '1981-04-11 22:25:43');
INSERT INTO `messages` (`id`, `from_user_id`, `to_user_id`, `message`, `is_read`, `created_at`) VALUES ('56', '50', '29', 'Est quibusdam at in ullam corrupti numquam. Ab doloremque cumque quas eligendi non corrupti. Est odit sed voluptas inventore id. Quidem eius ipsum sapiente nemo aut laudantium eveniet. Quam sed et nulla eum at est.', 0, '1997-12-18 03:13:00');
INSERT INTO `messages` (`id`, `from_user_id`, `to_user_id`, `message`, `is_read`, `created_at`) VALUES ('57', '77', '94', 'Facilis qui consequuntur voluptatibus quam laboriosam numquam. Nulla quaerat ullam aut omnis. Eligendi quidem libero non vel minima dolores voluptatem. Quibusdam similique commodi nulla voluptatibus aperiam.', 1, '2006-06-17 22:53:24');
INSERT INTO `messages` (`id`, `from_user_id`, `to_user_id`, `message`, `is_read`, `created_at`) VALUES ('58', '3', '19', 'Sit nam sit aliquam. Et eum vitae omnis autem tempora qui. Non ea ut sed eaque. Voluptatibus et itaque voluptate eos est.', 1, '1995-01-04 22:46:23');
INSERT INTO `messages` (`id`, `from_user_id`, `to_user_id`, `message`, `is_read`, `created_at`) VALUES ('59', '14', '53', 'Esse saepe nihil temporibus adipisci. Quis enim dolore odio. Ipsum fugiat et qui aut cupiditate repudiandae qui earum. Accusantium harum voluptas dolorem debitis consequuntur. Deserunt rerum necessitatibus soluta molestiae.', 0, '1986-12-13 06:25:21');
INSERT INTO `messages` (`id`, `from_user_id`, `to_user_id`, `message`, `is_read`, `created_at`) VALUES ('60', '24', '50', 'Enim nulla omnis aut cumque. Tenetur accusamus sequi quam voluptas occaecati soluta sint vel. Molestiae ut totam quaerat qui animi saepe voluptas.', 0, '1987-07-03 21:34:06');
INSERT INTO `messages` (`id`, `from_user_id`, `to_user_id`, `message`, `is_read`, `created_at`) VALUES ('61', '14', '39', 'Velit eos ullam tenetur consequatur maiores enim totam. Vel ab et quis dolor consectetur est tempore quam. Magnam eos aut dolores quibusdam explicabo aut ea. Veniam sunt in repellat sed quaerat nemo.', 0, '2000-02-17 07:00:21');
INSERT INTO `messages` (`id`, `from_user_id`, `to_user_id`, `message`, `is_read`, `created_at`) VALUES ('62', '59', '24', 'Et repudiandae qui sed velit aspernatur veritatis assumenda perspiciatis. Aut modi atque qui dolores ipsam quis. Animi necessitatibus dolore ut blanditiis sequi iure soluta. Ea dolor itaque laboriosam vitae voluptate temporibus optio.', 0, '2002-05-17 00:53:23');
INSERT INTO `messages` (`id`, `from_user_id`, `to_user_id`, `message`, `is_read`, `created_at`) VALUES ('63', '14', '90', 'Ut officia provident eaque sed soluta et dolorem et. Ut aut temporibus quos ut molestias a veritatis maiores. Aut vitae magni ducimus.', 0, '2017-02-28 21:37:20');
INSERT INTO `messages` (`id`, `from_user_id`, `to_user_id`, `message`, `is_read`, `created_at`) VALUES ('64', '77', '32', 'Aut unde aliquam veritatis et. Ipsa est et laboriosam commodi sint. Dolorem ut est a exercitationem repellat.', 1, '2018-09-10 14:55:03');
INSERT INTO `messages` (`id`, `from_user_id`, `to_user_id`, `message`, `is_read`, `created_at`) VALUES ('65', '67', '64', 'Sunt eligendi nam et et aut eos qui. Maiores magni occaecati laborum ad. Fugit natus iste sed qui libero consequatur in. Possimus quis omnis ut qui sit. Nobis voluptatem veritatis quis qui aspernatur.', 0, '1998-04-16 18:04:37');
INSERT INTO `messages` (`id`, `from_user_id`, `to_user_id`, `message`, `is_read`, `created_at`) VALUES ('66', '91', '86', 'Qui inventore enim aperiam est. Fuga sit delectus nemo quidem deleniti dolores sed. Fuga dolor corporis est praesentium quia eaque.', 0, '1981-10-30 04:21:15');
INSERT INTO `messages` (`id`, `from_user_id`, `to_user_id`, `message`, `is_read`, `created_at`) VALUES ('67', '3', '39', 'Eveniet commodi eum vero est sit. Et facilis eius nihil et dolores officia qui. Cum laboriosam vero quibusdam nihil autem sunt.', 1, '1978-02-26 15:50:11');
INSERT INTO `messages` (`id`, `from_user_id`, `to_user_id`, `message`, `is_read`, `created_at`) VALUES ('68', '14', '86', 'Aperiam consequatur libero pariatur vel. Dolorum aliquam omnis hic earum sed quod. Placeat ut et recusandae. Sit et fugiat dicta quia ipsum neque praesentium.', 0, '2007-03-09 01:17:36');
INSERT INTO `messages` (`id`, `from_user_id`, `to_user_id`, `message`, `is_read`, `created_at`) VALUES ('69', '60', '14', 'Inventore optio sint libero quidem. Ab distinctio quae ratione hic asperiores voluptas soluta. Possimus non fuga et nesciunt est. Quia molestiae eligendi pariatur.', 1, '1972-10-26 06:32:57');
INSERT INTO `messages` (`id`, `from_user_id`, `to_user_id`, `message`, `is_read`, `created_at`) VALUES ('70', '100', '46', 'Sequi dolorum nihil consequuntur enim atque soluta qui. Tempore ut rerum fugiat ex porro voluptatem aperiam.', 0, '2003-09-18 04:59:22');
INSERT INTO `messages` (`id`, `from_user_id`, `to_user_id`, `message`, `is_read`, `created_at`) VALUES ('71', '91', '49', 'Unde sapiente est deleniti veniam incidunt consequatur ea officia. Accusantium error quis cumque doloribus laboriosam et qui. Itaque at autem sunt.', 1, '1979-11-05 02:03:40');
INSERT INTO `messages` (`id`, `from_user_id`, `to_user_id`, `message`, `is_read`, `created_at`) VALUES ('72', '75', '67', 'Officiis magni odio qui pariatur rerum debitis. Sequi sed dolorem veniam maxime hic ad quis. Quasi qui ut non doloremque rerum non ut. A tenetur dignissimos dolor est et animi error.', 0, '1977-10-01 11:28:23');
INSERT INTO `messages` (`id`, `from_user_id`, `to_user_id`, `message`, `is_read`, `created_at`) VALUES ('73', '42', '77', 'Ad rerum beatae sequi id eos officiis. Dolores tempore officia quibusdam. Rerum harum ratione repellendus impedit dolores.', 0, '2019-04-09 22:44:45');
INSERT INTO `messages` (`id`, `from_user_id`, `to_user_id`, `message`, `is_read`, `created_at`) VALUES ('74', '86', '56', 'Sequi magni optio aperiam autem est qui ratione exercitationem. Nesciunt sed exercitationem quia. Provident nobis rerum accusamus et quia sint praesentium.', 1, '2018-04-06 16:00:40');
INSERT INTO `messages` (`id`, `from_user_id`, `to_user_id`, `message`, `is_read`, `created_at`) VALUES ('75', '30', '9', 'Qui et voluptas autem repellat rem eaque tempora. Deleniti et consequatur qui aut exercitationem quos aliquam. Aut mollitia explicabo aut nam laborum.', 0, '1975-08-16 21:25:52');
INSERT INTO `messages` (`id`, `from_user_id`, `to_user_id`, `message`, `is_read`, `created_at`) VALUES ('76', '5', '44', 'Maxime provident reprehenderit corporis illum. Aut aspernatur impedit voluptas minus. Ea maiores enim alias. Voluptas eligendi natus autem animi quia aut quia officia.', 1, '1991-04-02 23:01:42');
INSERT INTO `messages` (`id`, `from_user_id`, `to_user_id`, `message`, `is_read`, `created_at`) VALUES ('77', '48', '63', 'Illum facilis at distinctio iusto adipisci quae eos et. At et et accusantium quidem et. Aut possimus quam culpa rerum. Adipisci veritatis perferendis voluptas delectus quibusdam laudantium.', 0, '2016-08-20 10:47:14');
INSERT INTO `messages` (`id`, `from_user_id`, `to_user_id`, `message`, `is_read`, `created_at`) VALUES ('78', '67', '62', 'Ducimus cumque delectus dignissimos et. Non itaque aliquam eum dolorum nisi error. Voluptates earum iure aut itaque qui incidunt occaecati et.', 0, '2012-09-08 19:11:08');
INSERT INTO `messages` (`id`, `from_user_id`, `to_user_id`, `message`, `is_read`, `created_at`) VALUES ('79', '53', '44', 'Commodi repudiandae ea tenetur nam omnis consequatur. Soluta ratione neque nam quibusdam eum molestias. Esse necessitatibus porro vitae id.', 0, '1996-10-05 01:00:03');
INSERT INTO `messages` (`id`, `from_user_id`, `to_user_id`, `message`, `is_read`, `created_at`) VALUES ('80', '93', '20', 'Eius debitis quis voluptatibus eligendi optio. Voluptas et nam iusto consequuntur. Sunt inventore voluptatem sunt amet ipsa dignissimos. Enim commodi quisquam non sunt sint quas ab.', 0, '2003-11-01 20:09:03');
INSERT INTO `messages` (`id`, `from_user_id`, `to_user_id`, `message`, `is_read`, `created_at`) VALUES ('81', '7', '83', 'Dolorem unde dolore eius ut impedit soluta et dicta. Quis et in culpa qui illum consectetur. Sed asperiores sapiente dolores voluptatem sint rerum quisquam. Provident rerum nihil est deleniti.', 0, '2006-08-19 12:09:39');
INSERT INTO `messages` (`id`, `from_user_id`, `to_user_id`, `message`, `is_read`, `created_at`) VALUES ('82', '5', '10', 'Quibusdam ratione fugit praesentium qui. Qui rerum maiores harum sunt saepe in velit vero. Quae laudantium est voluptates doloremque.', 1, '1975-01-13 18:26:16');
INSERT INTO `messages` (`id`, `from_user_id`, `to_user_id`, `message`, `is_read`, `created_at`) VALUES ('83', '21', '18', 'Sit et cum autem voluptas similique dolor eaque. Et adipisci repellendus ut repellat doloribus eaque. Eius in error fuga quia qui et aut iste. Reprehenderit delectus harum ut. Incidunt sint natus id ipsam qui maxime.', 0, '1981-09-28 02:57:03');
INSERT INTO `messages` (`id`, `from_user_id`, `to_user_id`, `message`, `is_read`, `created_at`) VALUES ('84', '95', '81', 'Enim et exercitationem ratione sed. Doloremque blanditiis ea veritatis est ipsam vero. Voluptas quo optio quia tenetur rerum.', 0, '1980-11-20 09:26:08');
INSERT INTO `messages` (`id`, `from_user_id`, `to_user_id`, `message`, `is_read`, `created_at`) VALUES ('85', '31', '94', 'Tempora voluptatem voluptas iure omnis assumenda sunt est ea. Laborum iusto dolorem voluptatem quo consequatur. Esse non rerum deleniti autem. In explicabo aut natus laborum quis omnis.', 1, '1980-04-17 16:51:41');
INSERT INTO `messages` (`id`, `from_user_id`, `to_user_id`, `message`, `is_read`, `created_at`) VALUES ('86', '26', '22', 'Cumque possimus eum neque magnam rerum fugit amet. Et modi et ratione molestiae est aut. Eos eaque facilis sequi iure officia ut nihil. Temporibus magnam odio qui dolor et.', 0, '1982-03-01 00:19:15');
INSERT INTO `messages` (`id`, `from_user_id`, `to_user_id`, `message`, `is_read`, `created_at`) VALUES ('87', '43', '1', 'Ut et saepe quas voluptate voluptatum. Quidem neque illo possimus quo dignissimos in. Aliquam commodi in consequatur.', 0, '1991-02-18 14:53:21');
INSERT INTO `messages` (`id`, `from_user_id`, `to_user_id`, `message`, `is_read`, `created_at`) VALUES ('88', '88', '85', 'Ut quo est aut nostrum iure. Asperiores occaecati aperiam repellendus natus. Asperiores aut iste id sed possimus culpa voluptatum rerum.', 0, '2007-10-04 07:42:25');
INSERT INTO `messages` (`id`, `from_user_id`, `to_user_id`, `message`, `is_read`, `created_at`) VALUES ('89', '78', '74', 'Tenetur hic qui aspernatur nihil et alias. Tempore et repellat tempore consequatur. Enim numquam saepe dicta cupiditate et. Labore id suscipit ut eos.', 0, '1994-07-22 12:39:53');
INSERT INTO `messages` (`id`, `from_user_id`, `to_user_id`, `message`, `is_read`, `created_at`) VALUES ('90', '40', '7', 'Illum deleniti est qui aut illum laboriosam. Nulla cumque sint ipsum impedit dignissimos sed consequuntur. Ut voluptas porro sint soluta est nobis nihil. Voluptatem expedita et aut omnis voluptate. Numquam rerum cumque ipsam.', 0, '2003-02-17 17:18:05');
INSERT INTO `messages` (`id`, `from_user_id`, `to_user_id`, `message`, `is_read`, `created_at`) VALUES ('91', '82', '45', 'Consequatur veritatis tempora et velit a deserunt nihil. Illum consectetur quibusdam eaque sed reprehenderit ut. Veritatis excepturi eum minus et. Nam aliquam sunt in illum.', 0, '1991-01-11 05:04:13');
INSERT INTO `messages` (`id`, `from_user_id`, `to_user_id`, `message`, `is_read`, `created_at`) VALUES ('92', '51', '30', 'Culpa sunt ipsa qui cumque alias eum cumque aut. Vero debitis aut maxime. Laudantium recusandae voluptatibus rerum molestiae recusandae.', 1, '2007-09-03 05:46:04');
INSERT INTO `messages` (`id`, `from_user_id`, `to_user_id`, `message`, `is_read`, `created_at`) VALUES ('93', '8', '17', 'Molestiae corrupti delectus ea architecto corporis dignissimos sit. Eligendi dolorem deserunt ipsa dolore et. Eaque laboriosam voluptatem enim aspernatur dolore natus.', 1, '1982-05-25 12:51:20');
INSERT INTO `messages` (`id`, `from_user_id`, `to_user_id`, `message`, `is_read`, `created_at`) VALUES ('94', '91', '60', 'Sit quod veniam autem et ea sunt. Aliquid est nostrum magni autem minima nisi. Quia qui autem et omnis et quis.', 0, '1980-08-07 19:08:30');
INSERT INTO `messages` (`id`, `from_user_id`, `to_user_id`, `message`, `is_read`, `created_at`) VALUES ('95', '61', '83', 'Est nihil temporibus et nihil et. Voluptatem sit eligendi facilis blanditiis eius omnis. Magnam magnam provident adipisci unde aspernatur. Ut ipsa tempore quasi ea mollitia odio temporibus nihil.', 0, '1989-09-03 19:37:17');
INSERT INTO `messages` (`id`, `from_user_id`, `to_user_id`, `message`, `is_read`, `created_at`) VALUES ('96', '79', '67', 'Tempora earum labore eaque accusamus quasi odit sint. Earum reiciendis molestias facilis quae. Quis saepe harum perferendis itaque est.', 1, '1991-03-25 10:01:34');
INSERT INTO `messages` (`id`, `from_user_id`, `to_user_id`, `message`, `is_read`, `created_at`) VALUES ('97', '65', '84', 'Ut ullam a beatae porro et debitis laborum. Doloremque sit corporis nihil qui nisi excepturi. Consectetur debitis delectus adipisci et.', 1, '2011-04-06 08:25:31');
INSERT INTO `messages` (`id`, `from_user_id`, `to_user_id`, `message`, `is_read`, `created_at`) VALUES ('98', '77', '86', 'Voluptatibus quaerat laudantium non molestiae. Laudantium accusantium ut libero sit reiciendis omnis voluptatem. Et ullam dicta odit vero.', 1, '1973-01-12 10:17:49');
INSERT INTO `messages` (`id`, `from_user_id`, `to_user_id`, `message`, `is_read`, `created_at`) VALUES ('99', '1', '72', 'Repellendus sequi repudiandae et. Aut omnis nostrum ut necessitatibus veniam sed assumenda. Corrupti et et qui provident magni est quasi. Vitae earum veniam laudantium enim culpa et.', 0, '2004-11-07 01:08:31');
INSERT INTO `messages` (`id`, `from_user_id`, `to_user_id`, `message`, `is_read`, `created_at`) VALUES ('100', '66', '32', 'Reiciendis rerum est et architecto. Omnis cumque voluptatem autem dignissimos. Ratione ut modi corporis deserunt cumque nesciunt minima. Illo neque ipsam dolor qui commodi quia ut eum.', 0, '2017-06-01 06:34:55');

INSERT INTO `friend_requests` (`initiator_user_id`, `target_user_id`, `status`, `requested_at`, `confirmed_at`) VALUES ('3', '36', 'approved', '2019-02-03 18:34:13', '2015-10-15 03:59:43');
INSERT INTO `friend_requests` (`initiator_user_id`, `target_user_id`, `status`, `requested_at`, `confirmed_at`) VALUES ('4', '57', 'approved', '2003-04-05 18:21:56', '2011-11-17 08:53:10');
INSERT INTO `friend_requests` (`initiator_user_id`, `target_user_id`, `status`, `requested_at`, `confirmed_at`) VALUES ('5', '15', 'declined', '1997-02-24 04:16:50', '2011-04-14 06:40:49');
INSERT INTO `friend_requests` (`initiator_user_id`, `target_user_id`, `status`, `requested_at`, `confirmed_at`) VALUES ('5', '49', 'unfriended', '1989-02-09 00:26:31', '2000-11-20 09:19:07');
INSERT INTO `friend_requests` (`initiator_user_id`, `target_user_id`, `status`, `requested_at`, `confirmed_at`) VALUES ('5', '64', 'unfriended', '1982-08-23 19:42:58', '1992-02-03 22:53:18');
INSERT INTO `friend_requests` (`initiator_user_id`, `target_user_id`, `status`, `requested_at`, `confirmed_at`) VALUES ('6', '31', 'unfriended', '1978-06-11 15:27:56', '1984-04-19 22:05:26');
INSERT INTO `friend_requests` (`initiator_user_id`, `target_user_id`, `status`, `requested_at`, `confirmed_at`) VALUES ('6', '50', 'requested', '2000-10-09 23:21:55', '1981-09-24 21:50:21');
INSERT INTO `friend_requests` (`initiator_user_id`, `target_user_id`, `status`, `requested_at`, `confirmed_at`) VALUES ('9', '86', 'requested', '1977-08-31 10:17:51', '1979-04-15 12:43:42');
INSERT INTO `friend_requests` (`initiator_user_id`, `target_user_id`, `status`, `requested_at`, `confirmed_at`) VALUES ('10', '53', 'declined', '2017-11-08 09:28:36', '1977-04-22 12:42:21');
INSERT INTO `friend_requests` (`initiator_user_id`, `target_user_id`, `status`, `requested_at`, `confirmed_at`) VALUES ('12', '4', 'unfriended', '2009-06-07 19:08:39', '1995-09-05 02:29:33');
INSERT INTO `friend_requests` (`initiator_user_id`, `target_user_id`, `status`, `requested_at`, `confirmed_at`) VALUES ('12', '19', 'unfriended', '2003-08-27 10:52:14', '1985-06-06 05:30:23');
INSERT INTO `friend_requests` (`initiator_user_id`, `target_user_id`, `status`, `requested_at`, `confirmed_at`) VALUES ('12', '53', 'unfriended', '1980-08-19 09:42:47', '1979-01-30 10:54:57');
INSERT INTO `friend_requests` (`initiator_user_id`, `target_user_id`, `status`, `requested_at`, `confirmed_at`) VALUES ('13', '28', 'unfriended', '1988-09-06 18:19:15', '2012-10-04 00:45:17');
INSERT INTO `friend_requests` (`initiator_user_id`, `target_user_id`, `status`, `requested_at`, `confirmed_at`) VALUES ('13', '100', 'unfriended', '1978-02-27 07:04:31', '1993-09-11 01:15:30');
INSERT INTO `friend_requests` (`initiator_user_id`, `target_user_id`, `status`, `requested_at`, `confirmed_at`) VALUES ('15', '6', 'declined', '1979-10-26 22:08:19', '1978-08-25 23:03:32');
INSERT INTO `friend_requests` (`initiator_user_id`, `target_user_id`, `status`, `requested_at`, `confirmed_at`) VALUES ('16', '99', 'approved', '2008-03-05 03:33:28', '1995-05-31 14:46:20');
INSERT INTO `friend_requests` (`initiator_user_id`, `target_user_id`, `status`, `requested_at`, `confirmed_at`) VALUES ('17', '62', 'approved', '1971-12-02 07:11:59', '1971-03-20 02:47:22');
INSERT INTO `friend_requests` (`initiator_user_id`, `target_user_id`, `status`, `requested_at`, `confirmed_at`) VALUES ('17', '66', 'approved', '1987-10-16 20:44:19', '1982-06-26 17:53:09');
INSERT INTO `friend_requests` (`initiator_user_id`, `target_user_id`, `status`, `requested_at`, `confirmed_at`) VALUES ('20', '10', 'unfriended', '2012-07-23 22:42:05', '2011-10-13 09:39:59');
INSERT INTO `friend_requests` (`initiator_user_id`, `target_user_id`, `status`, `requested_at`, `confirmed_at`) VALUES ('22', '23', 'declined', '1984-09-19 06:05:12', '2015-06-06 06:07:05');
INSERT INTO `friend_requests` (`initiator_user_id`, `target_user_id`, `status`, `requested_at`, `confirmed_at`) VALUES ('22', '82', 'approved', '1984-06-02 12:19:30', '2007-09-10 23:58:26');
INSERT INTO `friend_requests` (`initiator_user_id`, `target_user_id`, `status`, `requested_at`, `confirmed_at`) VALUES ('23', '62', 'unfriended', '2012-10-18 23:16:21', '1978-08-09 20:15:52');
INSERT INTO `friend_requests` (`initiator_user_id`, `target_user_id`, `status`, `requested_at`, `confirmed_at`) VALUES ('23', '91', 'declined', '1999-01-30 05:38:39', '1999-05-03 14:41:10');
INSERT INTO `friend_requests` (`initiator_user_id`, `target_user_id`, `status`, `requested_at`, `confirmed_at`) VALUES ('24', '56', 'requested', '1974-01-01 09:24:35', '2000-12-22 10:59:17');
INSERT INTO `friend_requests` (`initiator_user_id`, `target_user_id`, `status`, `requested_at`, `confirmed_at`) VALUES ('27', '2', 'declined', '2004-09-13 14:02:15', '2012-11-19 20:45:01');
INSERT INTO `friend_requests` (`initiator_user_id`, `target_user_id`, `status`, `requested_at`, `confirmed_at`) VALUES ('30', '97', 'approved', '2015-11-25 01:10:40', '1994-06-28 14:25:14');
INSERT INTO `friend_requests` (`initiator_user_id`, `target_user_id`, `status`, `requested_at`, `confirmed_at`) VALUES ('30', '100', 'requested', '1978-08-07 00:24:45', '1995-07-05 05:53:50');
INSERT INTO `friend_requests` (`initiator_user_id`, `target_user_id`, `status`, `requested_at`, `confirmed_at`) VALUES ('31', '26', 'declined', '1970-07-31 08:52:43', '1997-10-06 05:55:10');
INSERT INTO `friend_requests` (`initiator_user_id`, `target_user_id`, `status`, `requested_at`, `confirmed_at`) VALUES ('33', '22', 'unfriended', '1978-03-31 18:31:36', '2014-08-25 22:25:55');
INSERT INTO `friend_requests` (`initiator_user_id`, `target_user_id`, `status`, `requested_at`, `confirmed_at`) VALUES ('34', '20', 'requested', '1973-04-02 13:11:05', '1988-09-27 13:39:54');
INSERT INTO `friend_requests` (`initiator_user_id`, `target_user_id`, `status`, `requested_at`, `confirmed_at`) VALUES ('34', '51', 'approved', '2014-01-05 16:27:57', '2015-09-26 12:03:13');
INSERT INTO `friend_requests` (`initiator_user_id`, `target_user_id`, `status`, `requested_at`, `confirmed_at`) VALUES ('37', '40', 'unfriended', '1985-11-27 14:40:44', '2019-02-26 07:18:50');
INSERT INTO `friend_requests` (`initiator_user_id`, `target_user_id`, `status`, `requested_at`, `confirmed_at`) VALUES ('37', '54', 'approved', '2004-10-11 13:14:20', '2017-08-30 18:33:59');
INSERT INTO `friend_requests` (`initiator_user_id`, `target_user_id`, `status`, `requested_at`, `confirmed_at`) VALUES ('38', '99', 'requested', '2015-12-10 08:25:55', '1990-05-14 02:20:55');
INSERT INTO `friend_requests` (`initiator_user_id`, `target_user_id`, `status`, `requested_at`, `confirmed_at`) VALUES ('40', '98', 'unfriended', '2000-10-01 05:16:20', '1978-09-05 12:22:36');
INSERT INTO `friend_requests` (`initiator_user_id`, `target_user_id`, `status`, `requested_at`, `confirmed_at`) VALUES ('41', '75', 'approved', '1975-02-13 08:34:06', '1981-07-23 11:08:17');
INSERT INTO `friend_requests` (`initiator_user_id`, `target_user_id`, `status`, `requested_at`, `confirmed_at`) VALUES ('42', '42', 'approved', '1970-04-21 09:40:15', '1975-10-08 18:48:44');
INSERT INTO `friend_requests` (`initiator_user_id`, `target_user_id`, `status`, `requested_at`, `confirmed_at`) VALUES ('42', '46', 'approved', '1993-12-09 19:48:38', '2003-01-05 09:41:07');
INSERT INTO `friend_requests` (`initiator_user_id`, `target_user_id`, `status`, `requested_at`, `confirmed_at`) VALUES ('42', '62', 'declined', '2000-11-29 18:44:39', '2018-02-09 07:42:53');
INSERT INTO `friend_requests` (`initiator_user_id`, `target_user_id`, `status`, `requested_at`, `confirmed_at`) VALUES ('45', '49', 'unfriended', '2013-08-16 00:42:16', '1981-08-11 00:43:28');
INSERT INTO `friend_requests` (`initiator_user_id`, `target_user_id`, `status`, `requested_at`, `confirmed_at`) VALUES ('45', '89', 'declined', '1983-04-19 05:06:02', '1978-11-27 06:50:20');
INSERT INTO `friend_requests` (`initiator_user_id`, `target_user_id`, `status`, `requested_at`, `confirmed_at`) VALUES ('45', '95', 'declined', '2004-08-22 13:59:56', '1974-06-23 19:19:33');
INSERT INTO `friend_requests` (`initiator_user_id`, `target_user_id`, `status`, `requested_at`, `confirmed_at`) VALUES ('48', '74', 'requested', '1986-11-18 05:00:46', '1990-08-23 02:26:24');
INSERT INTO `friend_requests` (`initiator_user_id`, `target_user_id`, `status`, `requested_at`, `confirmed_at`) VALUES ('49', '95', 'declined', '1993-06-21 05:50:12', '1997-09-13 17:30:32');
INSERT INTO `friend_requests` (`initiator_user_id`, `target_user_id`, `status`, `requested_at`, `confirmed_at`) VALUES ('50', '29', 'approved', '2010-07-07 23:31:55', '2016-03-17 00:01:15');
INSERT INTO `friend_requests` (`initiator_user_id`, `target_user_id`, `status`, `requested_at`, `confirmed_at`) VALUES ('50', '73', 'requested', '1974-09-12 08:00:57', '1999-11-04 08:40:00');
INSERT INTO `friend_requests` (`initiator_user_id`, `target_user_id`, `status`, `requested_at`, `confirmed_at`) VALUES ('52', '38', 'approved', '1994-09-22 01:18:19', '2004-01-01 15:56:29');
INSERT INTO `friend_requests` (`initiator_user_id`, `target_user_id`, `status`, `requested_at`, `confirmed_at`) VALUES ('52', '53', 'unfriended', '2011-03-26 15:13:40', '1986-06-25 15:39:11');
INSERT INTO `friend_requests` (`initiator_user_id`, `target_user_id`, `status`, `requested_at`, `confirmed_at`) VALUES ('54', '28', 'approved', '2005-08-05 20:54:17', '1973-04-17 13:18:44');
INSERT INTO `friend_requests` (`initiator_user_id`, `target_user_id`, `status`, `requested_at`, `confirmed_at`) VALUES ('54', '79', 'unfriended', '1975-06-26 09:05:59', '2016-05-08 09:11:46');
INSERT INTO `friend_requests` (`initiator_user_id`, `target_user_id`, `status`, `requested_at`, `confirmed_at`) VALUES ('55', '16', 'requested', '1973-11-12 01:08:36', '2006-09-19 03:18:54');
INSERT INTO `friend_requests` (`initiator_user_id`, `target_user_id`, `status`, `requested_at`, `confirmed_at`) VALUES ('58', '80', 'requested', '2002-02-28 12:00:36', '1997-12-27 12:11:58');
INSERT INTO `friend_requests` (`initiator_user_id`, `target_user_id`, `status`, `requested_at`, `confirmed_at`) VALUES ('60', '49', 'approved', '1976-10-28 16:58:33', '1983-01-22 19:51:49');
INSERT INTO `friend_requests` (`initiator_user_id`, `target_user_id`, `status`, `requested_at`, `confirmed_at`) VALUES ('60', '88', 'declined', '1978-06-09 07:25:59', '1987-05-21 16:24:51');
INSERT INTO `friend_requests` (`initiator_user_id`, `target_user_id`, `status`, `requested_at`, `confirmed_at`) VALUES ('62', '9', 'requested', '1999-07-18 10:11:16', '1991-01-15 18:50:36');
INSERT INTO `friend_requests` (`initiator_user_id`, `target_user_id`, `status`, `requested_at`, `confirmed_at`) VALUES ('62', '40', 'unfriended', '1982-05-25 15:23:33', '1984-07-22 17:08:30');
INSERT INTO `friend_requests` (`initiator_user_id`, `target_user_id`, `status`, `requested_at`, `confirmed_at`) VALUES ('62', '49', 'unfriended', '2004-11-11 03:07:29', '1970-09-07 21:28:29');
INSERT INTO `friend_requests` (`initiator_user_id`, `target_user_id`, `status`, `requested_at`, `confirmed_at`) VALUES ('62', '92', 'approved', '1997-07-05 04:02:10', '2009-06-08 02:10:12');
INSERT INTO `friend_requests` (`initiator_user_id`, `target_user_id`, `status`, `requested_at`, `confirmed_at`) VALUES ('65', '12', 'declined', '1984-09-27 20:25:10', '2006-10-08 19:19:43');
INSERT INTO `friend_requests` (`initiator_user_id`, `target_user_id`, `status`, `requested_at`, `confirmed_at`) VALUES ('66', '2', 'unfriended', '2018-12-24 06:08:53', '1976-01-03 20:42:04');
INSERT INTO `friend_requests` (`initiator_user_id`, `target_user_id`, `status`, `requested_at`, `confirmed_at`) VALUES ('66', '55', 'declined', '1975-08-18 07:38:21', '2007-09-06 20:22:47');
INSERT INTO `friend_requests` (`initiator_user_id`, `target_user_id`, `status`, `requested_at`, `confirmed_at`) VALUES ('67', '52', 'approved', '2020-07-16 07:00:49', '2006-03-16 10:13:25');
INSERT INTO `friend_requests` (`initiator_user_id`, `target_user_id`, `status`, `requested_at`, `confirmed_at`) VALUES ('68', '54', 'declined', '1998-06-15 18:53:45', '1996-08-10 03:25:20');
INSERT INTO `friend_requests` (`initiator_user_id`, `target_user_id`, `status`, `requested_at`, `confirmed_at`) VALUES ('69', '47', 'declined', '1990-08-27 01:38:51', '1989-01-11 20:46:33');
INSERT INTO `friend_requests` (`initiator_user_id`, `target_user_id`, `status`, `requested_at`, `confirmed_at`) VALUES ('69', '60', 'approved', '1995-07-17 01:44:04', '1998-04-04 05:06:42');
INSERT INTO `friend_requests` (`initiator_user_id`, `target_user_id`, `status`, `requested_at`, `confirmed_at`) VALUES ('71', '41', 'unfriended', '1984-12-26 09:40:25', '1977-06-05 07:16:30');
INSERT INTO `friend_requests` (`initiator_user_id`, `target_user_id`, `status`, `requested_at`, `confirmed_at`) VALUES ('72', '56', 'requested', '2001-01-05 00:10:46', '1990-05-10 20:31:38');
INSERT INTO `friend_requests` (`initiator_user_id`, `target_user_id`, `status`, `requested_at`, `confirmed_at`) VALUES ('72', '89', 'requested', '2007-10-23 14:43:35', '2002-10-05 20:09:52');
INSERT INTO `friend_requests` (`initiator_user_id`, `target_user_id`, `status`, `requested_at`, `confirmed_at`) VALUES ('74', '62', 'approved', '1979-08-19 15:53:14', '1971-11-23 01:08:34');
INSERT INTO `friend_requests` (`initiator_user_id`, `target_user_id`, `status`, `requested_at`, `confirmed_at`) VALUES ('75', '57', 'requested', '2013-03-07 18:44:30', '1985-11-02 07:42:33');
INSERT INTO `friend_requests` (`initiator_user_id`, `target_user_id`, `status`, `requested_at`, `confirmed_at`) VALUES ('76', '91', 'approved', '2020-07-11 05:20:03', '1978-04-03 11:59:30');
INSERT INTO `friend_requests` (`initiator_user_id`, `target_user_id`, `status`, `requested_at`, `confirmed_at`) VALUES ('77', '78', 'declined', '1972-08-11 16:10:16', '1982-07-07 22:25:25');
INSERT INTO `friend_requests` (`initiator_user_id`, `target_user_id`, `status`, `requested_at`, `confirmed_at`) VALUES ('78', '1', 'declined', '1974-06-30 06:06:03', '1972-01-01 09:39:57');
INSERT INTO `friend_requests` (`initiator_user_id`, `target_user_id`, `status`, `requested_at`, `confirmed_at`) VALUES ('79', '19', 'declined', '1973-07-24 07:57:18', '1983-10-21 09:04:16');
INSERT INTO `friend_requests` (`initiator_user_id`, `target_user_id`, `status`, `requested_at`, `confirmed_at`) VALUES ('79', '29', 'requested', '1977-10-31 04:06:34', '1980-06-05 13:22:35');
INSERT INTO `friend_requests` (`initiator_user_id`, `target_user_id`, `status`, `requested_at`, `confirmed_at`) VALUES ('79', '54', 'approved', '1985-08-11 23:39:32', '2006-02-25 15:33:42');
INSERT INTO `friend_requests` (`initiator_user_id`, `target_user_id`, `status`, `requested_at`, `confirmed_at`) VALUES ('80', '94', 'requested', '2004-05-07 10:13:58', '1973-03-25 13:06:22');
INSERT INTO `friend_requests` (`initiator_user_id`, `target_user_id`, `status`, `requested_at`, `confirmed_at`) VALUES ('84', '96', 'unfriended', '2005-10-02 00:36:11', '2016-04-02 14:39:44');
INSERT INTO `friend_requests` (`initiator_user_id`, `target_user_id`, `status`, `requested_at`, `confirmed_at`) VALUES ('85', '48', 'requested', '1999-04-20 06:39:39', '1993-02-05 13:21:52');
INSERT INTO `friend_requests` (`initiator_user_id`, `target_user_id`, `status`, `requested_at`, `confirmed_at`) VALUES ('85', '74', 'unfriended', '2015-04-12 18:52:46', '2011-09-28 21:35:16');
INSERT INTO `friend_requests` (`initiator_user_id`, `target_user_id`, `status`, `requested_at`, `confirmed_at`) VALUES ('85', '92', 'declined', '1990-02-08 18:46:00', '1987-06-19 02:35:02');
INSERT INTO `friend_requests` (`initiator_user_id`, `target_user_id`, `status`, `requested_at`, `confirmed_at`) VALUES ('86', '2', 'requested', '2001-06-12 08:16:30', '1982-03-12 11:21:15');
INSERT INTO `friend_requests` (`initiator_user_id`, `target_user_id`, `status`, `requested_at`, `confirmed_at`) VALUES ('88', '65', 'requested', '1981-08-26 04:12:55', '2010-01-26 19:10:58');
INSERT INTO `friend_requests` (`initiator_user_id`, `target_user_id`, `status`, `requested_at`, `confirmed_at`) VALUES ('90', '8', 'declined', '1984-08-27 04:16:51', '2000-02-25 15:35:15');
INSERT INTO `friend_requests` (`initiator_user_id`, `target_user_id`, `status`, `requested_at`, `confirmed_at`) VALUES ('90', '69', 'requested', '1977-09-06 10:30:36', '1981-12-18 14:10:56');
INSERT INTO `friend_requests` (`initiator_user_id`, `target_user_id`, `status`, `requested_at`, `confirmed_at`) VALUES ('90', '74', 'unfriended', '1998-02-16 18:00:33', '2020-04-20 02:04:38');
INSERT INTO `friend_requests` (`initiator_user_id`, `target_user_id`, `status`, `requested_at`, `confirmed_at`) VALUES ('91', '12', 'unfriended', '2008-09-27 10:41:44', '2015-07-23 00:33:47');
INSERT INTO `friend_requests` (`initiator_user_id`, `target_user_id`, `status`, `requested_at`, `confirmed_at`) VALUES ('91', '65', 'approved', '1997-10-01 16:25:26', '1979-05-26 16:46:24');
INSERT INTO `friend_requests` (`initiator_user_id`, `target_user_id`, `status`, `requested_at`, `confirmed_at`) VALUES ('91', '94', 'approved', '2005-05-24 21:12:06', '2011-08-11 16:50:35');
INSERT INTO `friend_requests` (`initiator_user_id`, `target_user_id`, `status`, `requested_at`, `confirmed_at`) VALUES ('92', '61', 'approved', '1987-11-19 09:48:07', '1997-03-27 07:03:50');
INSERT INTO `friend_requests` (`initiator_user_id`, `target_user_id`, `status`, `requested_at`, `confirmed_at`) VALUES ('93', '23', 'unfriended', '1981-12-06 13:45:54', '1975-09-29 12:12:12');
INSERT INTO `friend_requests` (`initiator_user_id`, `target_user_id`, `status`, `requested_at`, `confirmed_at`) VALUES ('93', '57', 'requested', '1995-04-15 15:32:16', '2016-06-24 20:28:10');
INSERT INTO `friend_requests` (`initiator_user_id`, `target_user_id`, `status`, `requested_at`, `confirmed_at`) VALUES ('93', '89', 'unfriended', '2019-07-09 19:34:59', '1971-04-27 04:09:37');
INSERT INTO `friend_requests` (`initiator_user_id`, `target_user_id`, `status`, `requested_at`, `confirmed_at`) VALUES ('94', '42', 'approved', '1999-02-23 05:52:27', '1996-12-12 03:12:41');
INSERT INTO `friend_requests` (`initiator_user_id`, `target_user_id`, `status`, `requested_at`, `confirmed_at`) VALUES ('98', '50', 'approved', '2015-02-23 18:05:10', '1974-01-23 11:18:25');
INSERT INTO `friend_requests` (`initiator_user_id`, `target_user_id`, `status`, `requested_at`, `confirmed_at`) VALUES ('98', '54', 'approved', '2013-03-28 22:27:43', '1998-11-29 12:44:21');
INSERT INTO `friend_requests` (`initiator_user_id`, `target_user_id`, `status`, `requested_at`, `confirmed_at`) VALUES ('98', '58', 'requested', '2014-01-06 12:50:59', '1995-06-15 03:50:22');
INSERT INTO `friend_requests` (`initiator_user_id`, `target_user_id`, `status`, `requested_at`, `confirmed_at`) VALUES ('99', '71', 'requested', '1995-01-03 13:31:11', '1978-09-03 01:57:59');

INSERT INTO `communities` (`id`, `name`) VALUES ('56', 'ad');
INSERT INTO `communities` (`id`, `name`) VALUES ('2', 'alias');
INSERT INTO `communities` (`id`, `name`) VALUES ('5', 'animi');
INSERT INTO `communities` (`id`, `name`) VALUES ('38', 'assumenda');
INSERT INTO `communities` (`id`, `name`) VALUES ('36', 'at');
INSERT INTO `communities` (`id`, `name`) VALUES ('23', 'atque');
INSERT INTO `communities` (`id`, `name`) VALUES ('98', 'atque');
INSERT INTO `communities` (`id`, `name`) VALUES ('60', 'aut');
INSERT INTO `communities` (`id`, `name`) VALUES ('57', 'autem');
INSERT INTO `communities` (`id`, `name`) VALUES ('64', 'autem');
INSERT INTO `communities` (`id`, `name`) VALUES ('73', 'autem');
INSERT INTO `communities` (`id`, `name`) VALUES ('26', 'blanditiis');
INSERT INTO `communities` (`id`, `name`) VALUES ('43', 'commodi');
INSERT INTO `communities` (`id`, `name`) VALUES ('96', 'corporis');
INSERT INTO `communities` (`id`, `name`) VALUES ('6', 'dicta');
INSERT INTO `communities` (`id`, `name`) VALUES ('65', 'dicta');
INSERT INTO `communities` (`id`, `name`) VALUES ('76', 'distinctio');
INSERT INTO `communities` (`id`, `name`) VALUES ('19', 'dolorem');
INSERT INTO `communities` (`id`, `name`) VALUES ('52', 'dolorem');
INSERT INTO `communities` (`id`, `name`) VALUES ('68', 'doloremque');
INSERT INTO `communities` (`id`, `name`) VALUES ('7', 'dolores');
INSERT INTO `communities` (`id`, `name`) VALUES ('86', 'dolores');
INSERT INTO `communities` (`id`, `name`) VALUES ('94', 'dolores');
INSERT INTO `communities` (`id`, `name`) VALUES ('45', 'ea');
INSERT INTO `communities` (`id`, `name`) VALUES ('100', 'ea');
INSERT INTO `communities` (`id`, `name`) VALUES ('13', 'eos');
INSERT INTO `communities` (`id`, `name`) VALUES ('34', 'eos');
INSERT INTO `communities` (`id`, `name`) VALUES ('49', 'eos');
INSERT INTO `communities` (`id`, `name`) VALUES ('53', 'error');
INSERT INTO `communities` (`id`, `name`) VALUES ('21', 'esse');
INSERT INTO `communities` (`id`, `name`) VALUES ('9', 'est');
INSERT INTO `communities` (`id`, `name`) VALUES ('15', 'est');
INSERT INTO `communities` (`id`, `name`) VALUES ('16', 'est');
INSERT INTO `communities` (`id`, `name`) VALUES ('78', 'est');
INSERT INTO `communities` (`id`, `name`) VALUES ('82', 'est');
INSERT INTO `communities` (`id`, `name`) VALUES ('11', 'et');
INSERT INTO `communities` (`id`, `name`) VALUES ('40', 'et');
INSERT INTO `communities` (`id`, `name`) VALUES ('42', 'et');
INSERT INTO `communities` (`id`, `name`) VALUES ('50', 'et');
INSERT INTO `communities` (`id`, `name`) VALUES ('58', 'et');
INSERT INTO `communities` (`id`, `name`) VALUES ('74', 'et');
INSERT INTO `communities` (`id`, `name`) VALUES ('91', 'et');
INSERT INTO `communities` (`id`, `name`) VALUES ('30', 'eum');
INSERT INTO `communities` (`id`, `name`) VALUES ('62', 'eum');
INSERT INTO `communities` (`id`, `name`) VALUES ('84', 'eveniet');
INSERT INTO `communities` (`id`, `name`) VALUES ('4', 'ex');
INSERT INTO `communities` (`id`, `name`) VALUES ('17', 'ex');
INSERT INTO `communities` (`id`, `name`) VALUES ('33', 'expedita');
INSERT INTO `communities` (`id`, `name`) VALUES ('55', 'expedita');
INSERT INTO `communities` (`id`, `name`) VALUES ('54', 'explicabo');
INSERT INTO `communities` (`id`, `name`) VALUES ('35', 'fugiat');
INSERT INTO `communities` (`id`, `name`) VALUES ('83', 'fugit');
INSERT INTO `communities` (`id`, `name`) VALUES ('37', 'id');
INSERT INTO `communities` (`id`, `name`) VALUES ('87', 'id');
INSERT INTO `communities` (`id`, `name`) VALUES ('63', 'in');
INSERT INTO `communities` (`id`, `name`) VALUES ('71', 'in');
INSERT INTO `communities` (`id`, `name`) VALUES ('1', 'iste');
INSERT INTO `communities` (`id`, `name`) VALUES ('89', 'iure');
INSERT INTO `communities` (`id`, `name`) VALUES ('93', 'maxime');
INSERT INTO `communities` (`id`, `name`) VALUES ('70', 'minima');
INSERT INTO `communities` (`id`, `name`) VALUES ('75', 'mollitia');
INSERT INTO `communities` (`id`, `name`) VALUES ('46', 'natus');
INSERT INTO `communities` (`id`, `name`) VALUES ('29', 'neque');
INSERT INTO `communities` (`id`, `name`) VALUES ('48', 'nihil');
INSERT INTO `communities` (`id`, `name`) VALUES ('97', 'nihil');
INSERT INTO `communities` (`id`, `name`) VALUES ('59', 'non');
INSERT INTO `communities` (`id`, `name`) VALUES ('90', 'non');
INSERT INTO `communities` (`id`, `name`) VALUES ('95', 'non');
INSERT INTO `communities` (`id`, `name`) VALUES ('67', 'officiis');
INSERT INTO `communities` (`id`, `name`) VALUES ('12', 'optio');
INSERT INTO `communities` (`id`, `name`) VALUES ('88', 'perferendis');
INSERT INTO `communities` (`id`, `name`) VALUES ('66', 'possimus');
INSERT INTO `communities` (`id`, `name`) VALUES ('14', 'quasi');
INSERT INTO `communities` (`id`, `name`) VALUES ('27', 'qui');
INSERT INTO `communities` (`id`, `name`) VALUES ('39', 'qui');
INSERT INTO `communities` (`id`, `name`) VALUES ('92', 'qui');
INSERT INTO `communities` (`id`, `name`) VALUES ('18', 'quia');
INSERT INTO `communities` (`id`, `name`) VALUES ('20', 'quia');
INSERT INTO `communities` (`id`, `name`) VALUES ('51', 'quia');
INSERT INTO `communities` (`id`, `name`) VALUES ('44', 'quod');
INSERT INTO `communities` (`id`, `name`) VALUES ('22', 'repellendus');
INSERT INTO `communities` (`id`, `name`) VALUES ('80', 'reprehenderit');
INSERT INTO `communities` (`id`, `name`) VALUES ('24', 'sed');
INSERT INTO `communities` (`id`, `name`) VALUES ('10', 'sint');
INSERT INTO `communities` (`id`, `name`) VALUES ('32', 'sint');
INSERT INTO `communities` (`id`, `name`) VALUES ('41', 'sit');
INSERT INTO `communities` (`id`, `name`) VALUES ('77', 'sit');
INSERT INTO `communities` (`id`, `name`) VALUES ('72', 'suscipit');
INSERT INTO `communities` (`id`, `name`) VALUES ('28', 'tempore');
INSERT INTO `communities` (`id`, `name`) VALUES ('81', 'tempore');
INSERT INTO `communities` (`id`, `name`) VALUES ('31', 'ullam');
INSERT INTO `communities` (`id`, `name`) VALUES ('79', 'ut');
INSERT INTO `communities` (`id`, `name`) VALUES ('85', 'velit');
INSERT INTO `communities` (`id`, `name`) VALUES ('69', 'veniam');
INSERT INTO `communities` (`id`, `name`) VALUES ('3', 'vero');
INSERT INTO `communities` (`id`, `name`) VALUES ('25', 'vero');
INSERT INTO `communities` (`id`, `name`) VALUES ('47', 'voluptas');
INSERT INTO `communities` (`id`, `name`) VALUES ('61', 'voluptas');
INSERT INTO `communities` (`id`, `name`) VALUES ('99', 'voluptatem');
INSERT INTO `communities` (`id`, `name`) VALUES ('8', 'voluptatum');

INSERT INTO `users_communities` (`user_id`, `community_id`) VALUES ('1', '25');
INSERT INTO `users_communities` (`user_id`, `community_id`) VALUES ('1', '42');
INSERT INTO `users_communities` (`user_id`, `community_id`) VALUES ('1', '48');
INSERT INTO `users_communities` (`user_id`, `community_id`) VALUES ('1', '57');
INSERT INTO `users_communities` (`user_id`, `community_id`) VALUES ('2', '16');
INSERT INTO `users_communities` (`user_id`, `community_id`) VALUES ('2', '26');
INSERT INTO `users_communities` (`user_id`, `community_id`) VALUES ('3', '97');
INSERT INTO `users_communities` (`user_id`, `community_id`) VALUES ('7', '57');
INSERT INTO `users_communities` (`user_id`, `community_id`) VALUES ('9', '85');
INSERT INTO `users_communities` (`user_id`, `community_id`) VALUES ('11', '81');
INSERT INTO `users_communities` (`user_id`, `community_id`) VALUES ('12', '27');
INSERT INTO `users_communities` (`user_id`, `community_id`) VALUES ('12', '53');
INSERT INTO `users_communities` (`user_id`, `community_id`) VALUES ('13', '20');
INSERT INTO `users_communities` (`user_id`, `community_id`) VALUES ('17', '99');
INSERT INTO `users_communities` (`user_id`, `community_id`) VALUES ('19', '36');
INSERT INTO `users_communities` (`user_id`, `community_id`) VALUES ('19', '48');
INSERT INTO `users_communities` (`user_id`, `community_id`) VALUES ('21', '32');
INSERT INTO `users_communities` (`user_id`, `community_id`) VALUES ('21', '72');
INSERT INTO `users_communities` (`user_id`, `community_id`) VALUES ('21', '77');
INSERT INTO `users_communities` (`user_id`, `community_id`) VALUES ('23', '95');
INSERT INTO `users_communities` (`user_id`, `community_id`) VALUES ('24', '25');
INSERT INTO `users_communities` (`user_id`, `community_id`) VALUES ('24', '29');
INSERT INTO `users_communities` (`user_id`, `community_id`) VALUES ('24', '75');
INSERT INTO `users_communities` (`user_id`, `community_id`) VALUES ('26', '28');
INSERT INTO `users_communities` (`user_id`, `community_id`) VALUES ('26', '38');
INSERT INTO `users_communities` (`user_id`, `community_id`) VALUES ('26', '76');
INSERT INTO `users_communities` (`user_id`, `community_id`) VALUES ('26', '98');
INSERT INTO `users_communities` (`user_id`, `community_id`) VALUES ('27', '2');
INSERT INTO `users_communities` (`user_id`, `community_id`) VALUES ('27', '87');
INSERT INTO `users_communities` (`user_id`, `community_id`) VALUES ('29', '60');
INSERT INTO `users_communities` (`user_id`, `community_id`) VALUES ('30', '11');
INSERT INTO `users_communities` (`user_id`, `community_id`) VALUES ('30', '53');
INSERT INTO `users_communities` (`user_id`, `community_id`) VALUES ('31', '88');
INSERT INTO `users_communities` (`user_id`, `community_id`) VALUES ('32', '21');
INSERT INTO `users_communities` (`user_id`, `community_id`) VALUES ('32', '40');
INSERT INTO `users_communities` (`user_id`, `community_id`) VALUES ('32', '100');
INSERT INTO `users_communities` (`user_id`, `community_id`) VALUES ('35', '43');
INSERT INTO `users_communities` (`user_id`, `community_id`) VALUES ('39', '38');
INSERT INTO `users_communities` (`user_id`, `community_id`) VALUES ('39', '79');
INSERT INTO `users_communities` (`user_id`, `community_id`) VALUES ('39', '90');
INSERT INTO `users_communities` (`user_id`, `community_id`) VALUES ('40', '62');
INSERT INTO `users_communities` (`user_id`, `community_id`) VALUES ('41', '75');
INSERT INTO `users_communities` (`user_id`, `community_id`) VALUES ('41', '77');
INSERT INTO `users_communities` (`user_id`, `community_id`) VALUES ('41', '86');
INSERT INTO `users_communities` (`user_id`, `community_id`) VALUES ('43', '98');
INSERT INTO `users_communities` (`user_id`, `community_id`) VALUES ('44', '44');
INSERT INTO `users_communities` (`user_id`, `community_id`) VALUES ('45', '62');
INSERT INTO `users_communities` (`user_id`, `community_id`) VALUES ('46', '11');
INSERT INTO `users_communities` (`user_id`, `community_id`) VALUES ('46', '37');
INSERT INTO `users_communities` (`user_id`, `community_id`) VALUES ('47', '52');
INSERT INTO `users_communities` (`user_id`, `community_id`) VALUES ('47', '57');
INSERT INTO `users_communities` (`user_id`, `community_id`) VALUES ('48', '70');
INSERT INTO `users_communities` (`user_id`, `community_id`) VALUES ('49', '83');
INSERT INTO `users_communities` (`user_id`, `community_id`) VALUES ('50', '34');
INSERT INTO `users_communities` (`user_id`, `community_id`) VALUES ('50', '60');
INSERT INTO `users_communities` (`user_id`, `community_id`) VALUES ('51', '14');
INSERT INTO `users_communities` (`user_id`, `community_id`) VALUES ('51', '91');
INSERT INTO `users_communities` (`user_id`, `community_id`) VALUES ('52', '49');
INSERT INTO `users_communities` (`user_id`, `community_id`) VALUES ('52', '93');
INSERT INTO `users_communities` (`user_id`, `community_id`) VALUES ('56', '49');
INSERT INTO `users_communities` (`user_id`, `community_id`) VALUES ('57', '94');
INSERT INTO `users_communities` (`user_id`, `community_id`) VALUES ('59', '21');
INSERT INTO `users_communities` (`user_id`, `community_id`) VALUES ('61', '89');
INSERT INTO `users_communities` (`user_id`, `community_id`) VALUES ('62', '14');
INSERT INTO `users_communities` (`user_id`, `community_id`) VALUES ('62', '68');
INSERT INTO `users_communities` (`user_id`, `community_id`) VALUES ('63', '2');
INSERT INTO `users_communities` (`user_id`, `community_id`) VALUES ('63', '78');
INSERT INTO `users_communities` (`user_id`, `community_id`) VALUES ('65', '26');
INSERT INTO `users_communities` (`user_id`, `community_id`) VALUES ('67', '19');
INSERT INTO `users_communities` (`user_id`, `community_id`) VALUES ('67', '79');
INSERT INTO `users_communities` (`user_id`, `community_id`) VALUES ('67', '90');
INSERT INTO `users_communities` (`user_id`, `community_id`) VALUES ('70', '16');
INSERT INTO `users_communities` (`user_id`, `community_id`) VALUES ('70', '71');
INSERT INTO `users_communities` (`user_id`, `community_id`) VALUES ('72', '58');
INSERT INTO `users_communities` (`user_id`, `community_id`) VALUES ('73', '7');
INSERT INTO `users_communities` (`user_id`, `community_id`) VALUES ('73', '81');
INSERT INTO `users_communities` (`user_id`, `community_id`) VALUES ('74', '93');
INSERT INTO `users_communities` (`user_id`, `community_id`) VALUES ('75', '25');
INSERT INTO `users_communities` (`user_id`, `community_id`) VALUES ('75', '85');
INSERT INTO `users_communities` (`user_id`, `community_id`) VALUES ('75', '87');
INSERT INTO `users_communities` (`user_id`, `community_id`) VALUES ('76', '93');
INSERT INTO `users_communities` (`user_id`, `community_id`) VALUES ('77', '89');
INSERT INTO `users_communities` (`user_id`, `community_id`) VALUES ('78', '6');
INSERT INTO `users_communities` (`user_id`, `community_id`) VALUES ('78', '32');
INSERT INTO `users_communities` (`user_id`, `community_id`) VALUES ('78', '94');
INSERT INTO `users_communities` (`user_id`, `community_id`) VALUES ('80', '44');
INSERT INTO `users_communities` (`user_id`, `community_id`) VALUES ('81', '64');
INSERT INTO `users_communities` (`user_id`, `community_id`) VALUES ('84', '96');
INSERT INTO `users_communities` (`user_id`, `community_id`) VALUES ('86', '92');
INSERT INTO `users_communities` (`user_id`, `community_id`) VALUES ('87', '32');
INSERT INTO `users_communities` (`user_id`, `community_id`) VALUES ('88', '75');
INSERT INTO `users_communities` (`user_id`, `community_id`) VALUES ('88', '89');
INSERT INTO `users_communities` (`user_id`, `community_id`) VALUES ('89', '32');
INSERT INTO `users_communities` (`user_id`, `community_id`) VALUES ('92', '24');
INSERT INTO `users_communities` (`user_id`, `community_id`) VALUES ('92', '67');
INSERT INTO `users_communities` (`user_id`, `community_id`) VALUES ('94', '11');
INSERT INTO `users_communities` (`user_id`, `community_id`) VALUES ('98', '14');
INSERT INTO `users_communities` (`user_id`, `community_id`) VALUES ('99', '13');

INSERT INTO `posts` (`id`, `user_id`, `post`, `attachments`, `metadata`, `created_at`, `updated_at`) VALUES ('1', '53', 'Explicabo minus quisquam sit. Quo occaecati exercitationem distinctio in quam est aut. Et commodi in laudantium culpa.', NULL, NULL, '2007-01-20 22:33:11', '1979-03-21 05:12:59');
INSERT INTO `posts` (`id`, `user_id`, `post`, `attachments`, `metadata`, `created_at`, `updated_at`) VALUES ('2', '65', 'Est deleniti omnis autem molestiae excepturi sequi et. Sed consequatur voluptate ipsum facilis perspiciatis dolore modi sed. At veritatis a libero tempora eaque. Non hic sit qui nemo.', NULL, NULL, '1997-08-29 15:42:33', '2007-05-21 16:49:36');
INSERT INTO `posts` (`id`, `user_id`, `post`, `attachments`, `metadata`, `created_at`, `updated_at`) VALUES ('3', '55', 'Ratione eum reiciendis harum ab corporis commodi ullam. Debitis repellat voluptate aspernatur recusandae harum.', NULL, NULL, '2006-08-23 07:57:09', '2001-05-24 02:44:02');
INSERT INTO `posts` (`id`, `user_id`, `post`, `attachments`, `metadata`, `created_at`, `updated_at`) VALUES ('4', '32', 'Et ratione soluta enim iste dolor distinctio maiores. Consequuntur nihil et dolore. Quas assumenda nihil dolorem libero molestiae cupiditate neque. Modi in qui rem.', NULL, NULL, '1996-03-08 20:38:28', '1993-07-09 07:35:58');
INSERT INTO `posts` (`id`, `user_id`, `post`, `attachments`, `metadata`, `created_at`, `updated_at`) VALUES ('5', '16', 'Et nostrum mollitia totam et blanditiis. Molestias quod maxime nemo sit itaque. Id labore ducimus nihil dignissimos culpa. Laboriosam rerum itaque voluptate sunt et corrupti.', NULL, NULL, '1980-01-17 20:48:59', '1995-06-28 22:26:08');
INSERT INTO `posts` (`id`, `user_id`, `post`, `attachments`, `metadata`, `created_at`, `updated_at`) VALUES ('6', '73', 'Ab facere eum qui. Voluptatem eum enim dolores libero voluptate temporibus quam. Itaque aut non recusandae earum quaerat labore voluptas qui. Saepe molestiae eos autem eos voluptatem quis sapiente.', NULL, NULL, '1994-10-15 22:29:34', '1974-03-03 16:35:38');
INSERT INTO `posts` (`id`, `user_id`, `post`, `attachments`, `metadata`, `created_at`, `updated_at`) VALUES ('7', '34', 'Ipsum tempora sit velit non quia. Possimus enim molestiae voluptates optio velit. Repellendus quia est distinctio odio quas cupiditate.', NULL, NULL, '2001-07-31 22:33:59', '2007-04-21 00:59:45');
INSERT INTO `posts` (`id`, `user_id`, `post`, `attachments`, `metadata`, `created_at`, `updated_at`) VALUES ('8', '73', 'Sed nulla assumenda consequuntur sapiente dolor ullam soluta. Consequatur voluptatum minima saepe quas ea aut aut. Officiis perspiciatis sed deleniti voluptatem numquam provident quaerat.', NULL, NULL, '1977-06-05 23:46:06', '2016-10-02 23:26:26');
INSERT INTO `posts` (`id`, `user_id`, `post`, `attachments`, `metadata`, `created_at`, `updated_at`) VALUES ('9', '25', 'Ut est nihil explicabo dolorum nemo. Non ullam expedita delectus est. Et porro consequatur quasi ut. Consequatur culpa nisi delectus dolores est.', NULL, NULL, '1998-05-09 01:26:16', '1982-09-12 01:43:35');
INSERT INTO `posts` (`id`, `user_id`, `post`, `attachments`, `metadata`, `created_at`, `updated_at`) VALUES ('10', '50', 'Ipsam quis consequatur eum ut repudiandae necessitatibus. Quo culpa est veniam consequatur possimus aspernatur id quas. Pariatur sit eum rerum iusto. Soluta aut ut ab error ad.', NULL, NULL, '1988-03-15 07:24:40', '1975-04-02 04:28:00');
INSERT INTO `posts` (`id`, `user_id`, `post`, `attachments`, `metadata`, `created_at`, `updated_at`) VALUES ('11', '89', 'Consequatur ut aut voluptas a debitis illum aut. Aspernatur consequatur non iure. Cumque repellat doloremque qui veniam numquam.', NULL, NULL, '1970-07-13 05:13:23', '2007-12-05 23:20:22');
INSERT INTO `posts` (`id`, `user_id`, `post`, `attachments`, `metadata`, `created_at`, `updated_at`) VALUES ('12', '51', 'Soluta aliquam inventore non nam. Ipsa suscipit sint laudantium nostrum eveniet repellendus odit. Esse consequatur facere et consequatur at.', NULL, NULL, '1977-11-26 17:30:42', '1981-05-19 02:24:59');
INSERT INTO `posts` (`id`, `user_id`, `post`, `attachments`, `metadata`, `created_at`, `updated_at`) VALUES ('13', '59', 'Illo molestiae aperiam reiciendis inventore quo. Quo a quas est quis repellendus provident fuga.\nQuisquam praesentium excepturi tempora est. Amet iste fuga quibusdam sed.', NULL, NULL, '1973-01-23 18:35:52', '2019-11-12 14:27:54');
INSERT INTO `posts` (`id`, `user_id`, `post`, `attachments`, `metadata`, `created_at`, `updated_at`) VALUES ('14', '83', 'Quod consectetur aspernatur eum aut perferendis id. Ea consequatur nihil laborum accusamus eaque facere molestiae. Suscipit rerum modi corporis itaque corrupti. Et iusto quidem omnis.', NULL, NULL, '1986-03-22 12:58:33', '1988-10-22 19:08:42');
INSERT INTO `posts` (`id`, `user_id`, `post`, `attachments`, `metadata`, `created_at`, `updated_at`) VALUES ('15', '72', 'Sint laudantium voluptatum nisi. Enim rerum qui qui ullam ipsam. Praesentium laborum molestias quia et voluptas. Possimus delectus ratione consequatur veritatis.', NULL, NULL, '2007-09-02 01:11:53', '1975-06-11 05:45:42');
INSERT INTO `posts` (`id`, `user_id`, `post`, `attachments`, `metadata`, `created_at`, `updated_at`) VALUES ('16', '69', 'Voluptas ut officia earum quas sit ullam itaque et. Voluptas earum recusandae error itaque dolor enim. Natus officia officiis error sit.', NULL, NULL, '2010-07-17 10:24:43', '1999-02-28 16:40:52');
INSERT INTO `posts` (`id`, `user_id`, `post`, `attachments`, `metadata`, `created_at`, `updated_at`) VALUES ('17', '53', 'Quam nemo laudantium autem. Officiis provident nobis consequuntur modi. Ut magnam non enim iusto.', NULL, NULL, '2004-03-10 21:45:59', '1993-02-14 23:54:35');
INSERT INTO `posts` (`id`, `user_id`, `post`, `attachments`, `metadata`, `created_at`, `updated_at`) VALUES ('18', '87', 'Dolorem neque explicabo occaecati blanditiis. Repudiandae accusamus quisquam rerum. Tenetur aut non ut. Molestiae quod repellendus non est possimus sunt.', NULL, NULL, '2011-03-31 18:58:00', '2013-07-12 11:24:34');
INSERT INTO `posts` (`id`, `user_id`, `post`, `attachments`, `metadata`, `created_at`, `updated_at`) VALUES ('19', '7', 'Eum voluptatibus ab expedita qui nihil. Illum qui iure expedita rerum. Mollitia ipsa excepturi repellendus nemo.', NULL, NULL, '1971-05-07 18:18:18', '1979-04-10 06:06:46');
INSERT INTO `posts` (`id`, `user_id`, `post`, `attachments`, `metadata`, `created_at`, `updated_at`) VALUES ('20', '63', 'Necessitatibus voluptates qui labore nesciunt ut. Sit quia cum nulla doloribus. Maxime est et quis repellendus et modi sint. Distinctio esse perspiciatis alias.', NULL, NULL, '2014-11-09 14:59:27', '2004-08-07 02:00:08');
INSERT INTO `posts` (`id`, `user_id`, `post`, `attachments`, `metadata`, `created_at`, `updated_at`) VALUES ('21', '68', 'Odit laudantium fugit eius. Est ea voluptas accusantium iure at commodi laboriosam. Aut in aut consequuntur debitis odio eius. Error autem rerum occaecati velit architecto alias labore.', NULL, NULL, '2019-03-21 22:45:20', '1982-02-06 11:41:50');
INSERT INTO `posts` (`id`, `user_id`, `post`, `attachments`, `metadata`, `created_at`, `updated_at`) VALUES ('22', '89', 'Fugiat qui doloribus nisi aliquam ducimus adipisci veniam atque. Quas quis est natus alias impedit ut. Unde numquam dolorum omnis voluptates et.', NULL, NULL, '2009-07-11 02:28:55', '1973-08-31 01:49:28');
INSERT INTO `posts` (`id`, `user_id`, `post`, `attachments`, `metadata`, `created_at`, `updated_at`) VALUES ('23', '4', 'Quas quo dolores omnis qui corporis. Tenetur quis id est est. Minus eum maxime quo sit sapiente earum.', NULL, NULL, '2019-07-16 13:40:47', '1992-09-08 05:26:05');
INSERT INTO `posts` (`id`, `user_id`, `post`, `attachments`, `metadata`, `created_at`, `updated_at`) VALUES ('24', '98', 'Eligendi voluptatum asperiores quis eius animi. Dolores sit magni est distinctio magni consequatur et et. Quis illum ipsa nam reprehenderit nemo numquam et.', NULL, NULL, '2013-01-21 08:39:04', '1974-01-20 20:35:48');
INSERT INTO `posts` (`id`, `user_id`, `post`, `attachments`, `metadata`, `created_at`, `updated_at`) VALUES ('25', '36', 'Et dolor non at a molestiae. Aliquid et deserunt dolorem. Reiciendis ut sunt qui quo nobis. Aliquid est modi excepturi.', NULL, NULL, '1993-12-26 01:49:44', '1991-10-06 16:26:25');
INSERT INTO `posts` (`id`, `user_id`, `post`, `attachments`, `metadata`, `created_at`, `updated_at`) VALUES ('26', '8', 'Deserunt magnam hic sed repellendus ut. Reiciendis ea eligendi eaque distinctio praesentium hic. Quia eveniet nobis ut accusantium hic nemo veniam qui.', NULL, NULL, '2002-05-25 21:27:31', '2018-05-07 16:43:31');
INSERT INTO `posts` (`id`, `user_id`, `post`, `attachments`, `metadata`, `created_at`, `updated_at`) VALUES ('27', '99', 'Perspiciatis numquam totam qui omnis iste id. Odit ut magni molestiae. Rerum earum eligendi in facere.', NULL, NULL, '2018-07-18 01:00:41', '2013-08-31 21:22:46');
INSERT INTO `posts` (`id`, `user_id`, `post`, `attachments`, `metadata`, `created_at`, `updated_at`) VALUES ('28', '45', 'Qui nisi dolores molestiae totam temporibus aut quo. Eligendi dolores culpa quam vel amet nisi unde. Sit velit non qui quis. Voluptas deleniti et doloribus.', NULL, NULL, '1971-05-02 17:50:57', '1976-09-13 07:00:08');
INSERT INTO `posts` (`id`, `user_id`, `post`, `attachments`, `metadata`, `created_at`, `updated_at`) VALUES ('29', '94', 'Dolor aperiam veritatis modi ut animi dolorum dolor. Dolorem voluptatem aliquid asperiores eius incidunt. Qui quod incidunt quia corporis. Ducimus similique accusantium aliquid nam.', NULL, NULL, '1995-12-26 14:40:09', '2011-11-22 03:43:58');
INSERT INTO `posts` (`id`, `user_id`, `post`, `attachments`, `metadata`, `created_at`, `updated_at`) VALUES ('30', '52', 'Quia non incidunt voluptas repellat quo harum ea. Qui et ex asperiores autem beatae cum molestiae. Officiis temporibus eligendi ipsum aliquid. Aut fuga eum odio dolorem qui.', NULL, NULL, '1990-11-01 01:50:17', '1971-11-04 18:43:00');
INSERT INTO `posts` (`id`, `user_id`, `post`, `attachments`, `metadata`, `created_at`, `updated_at`) VALUES ('31', '88', 'Nemo tenetur fugiat quidem id velit mollitia voluptates. Autem excepturi optio vel fugiat quidem. Ea et consequatur quas in explicabo. Inventore repudiandae voluptatibus laborum saepe ut.', NULL, NULL, '1988-01-24 07:44:50', '1972-02-18 22:21:06');
INSERT INTO `posts` (`id`, `user_id`, `post`, `attachments`, `metadata`, `created_at`, `updated_at`) VALUES ('32', '47', 'Amet magnam numquam architecto. Ut minus dicta aut eveniet ad qui ipsam quod. Adipisci explicabo est rerum nihil nisi sit ullam. Qui et cum delectus aut officiis non.', NULL, NULL, '1972-08-26 22:03:49', '2001-10-11 19:10:39');
INSERT INTO `posts` (`id`, `user_id`, `post`, `attachments`, `metadata`, `created_at`, `updated_at`) VALUES ('33', '17', 'Dolores quis nihil sed deleniti voluptas. Eos sed nemo neque accusantium similique dignissimos.', NULL, NULL, '2020-03-24 09:58:58', '2020-02-21 03:40:23');
INSERT INTO `posts` (`id`, `user_id`, `post`, `attachments`, `metadata`, `created_at`, `updated_at`) VALUES ('34', '43', 'Minima veniam qui magni at molestias non. Quisquam quia saepe voluptas velit repellat. Ipsa veniam nihil sed culpa sed harum dicta voluptatem.', NULL, NULL, '1973-02-26 01:21:22', '2008-03-13 16:40:56');
INSERT INTO `posts` (`id`, `user_id`, `post`, `attachments`, `metadata`, `created_at`, `updated_at`) VALUES ('35', '78', 'Ex accusantium maxime quisquam iste rem soluta cum. Error earum ipsa sed. Repellendus est fuga doloribus fugiat.', NULL, NULL, '2004-08-08 15:32:03', '2012-10-04 12:47:10');
INSERT INTO `posts` (`id`, `user_id`, `post`, `attachments`, `metadata`, `created_at`, `updated_at`) VALUES ('36', '33', 'Officia labore eos labore tempore asperiores quo tenetur numquam. Autem reprehenderit possimus voluptatum quasi eos. In labore quod tenetur perferendis soluta aut vel.', NULL, NULL, '2010-06-12 17:47:37', '2005-09-19 01:15:32');
INSERT INTO `posts` (`id`, `user_id`, `post`, `attachments`, `metadata`, `created_at`, `updated_at`) VALUES ('37', '15', 'Eum laboriosam aut dolore accusamus quod debitis. Enim placeat aliquam impedit excepturi magnam animi neque incidunt. Et cum iusto eum. Unde blanditiis qui tempore est quae nemo qui deleniti.', NULL, NULL, '1976-06-22 11:35:42', '2018-04-11 23:01:51');
INSERT INTO `posts` (`id`, `user_id`, `post`, `attachments`, `metadata`, `created_at`, `updated_at`) VALUES ('38', '12', 'Debitis amet facere architecto voluptas in ea nobis. Modi nihil tempora labore voluptas blanditiis tempora. Eius nesciunt possimus sed eos.', NULL, NULL, '2005-05-09 23:50:30', '1989-05-15 04:29:16');
INSERT INTO `posts` (`id`, `user_id`, `post`, `attachments`, `metadata`, `created_at`, `updated_at`) VALUES ('39', '5', 'Vel architecto aut ut corrupti. Beatae non vitae eaque vitae nihil at. Eligendi consequatur tenetur a reiciendis inventore. Aut sed sed reprehenderit illo.', NULL, NULL, '1994-07-29 09:16:05', '1997-05-19 00:16:10');
INSERT INTO `posts` (`id`, `user_id`, `post`, `attachments`, `metadata`, `created_at`, `updated_at`) VALUES ('40', '39', 'Sint aliquid est dicta doloremque ea aliquid. Quam consequatur quibusdam voluptatem tenetur. Doloremque quibusdam ad rem sed.', NULL, NULL, '2015-12-15 07:49:48', '2017-10-01 10:25:09');
INSERT INTO `posts` (`id`, `user_id`, `post`, `attachments`, `metadata`, `created_at`, `updated_at`) VALUES ('41', '61', 'Error velit quasi provident quia. Quis unde enim quis facilis sint animi. Molestiae saepe voluptas quaerat. Et vel in quis ipsam hic provident.', NULL, NULL, '1996-11-13 07:48:05', '1973-07-19 06:10:02');
INSERT INTO `posts` (`id`, `user_id`, `post`, `attachments`, `metadata`, `created_at`, `updated_at`) VALUES ('42', '94', 'Dolorem nobis dolore reiciendis non accusamus. Maiores autem corporis odio recusandae quia. Omnis tempore nulla repellat libero accusamus sint.', NULL, NULL, '1993-03-05 16:40:26', '1977-09-24 09:24:20');
INSERT INTO `posts` (`id`, `user_id`, `post`, `attachments`, `metadata`, `created_at`, `updated_at`) VALUES ('43', '90', 'Voluptatem at rerum sunt voluptas dolorem minus enim voluptatum. Qui qui veritatis corrupti eos. A dolorum quae adipisci hic iste quis nostrum.', NULL, NULL, '2016-10-13 06:04:54', '1990-10-10 15:55:09');
INSERT INTO `posts` (`id`, `user_id`, `post`, `attachments`, `metadata`, `created_at`, `updated_at`) VALUES ('44', '20', 'Enim dolorem aspernatur aliquid. Alias beatae et quia. Non aperiam soluta maiores.', NULL, NULL, '1986-04-22 21:00:09', '1973-07-31 23:14:15');
INSERT INTO `posts` (`id`, `user_id`, `post`, `attachments`, `metadata`, `created_at`, `updated_at`) VALUES ('45', '76', 'Ut harum blanditiis voluptatem et. Omnis eaque cumque aut nihil. Atque ut fugit beatae delectus voluptas sunt quam. Doloremque odit assumenda non odit natus voluptates rerum commodi.', NULL, NULL, '1999-11-04 05:56:17', '2004-07-23 03:33:20');
INSERT INTO `posts` (`id`, `user_id`, `post`, `attachments`, `metadata`, `created_at`, `updated_at`) VALUES ('46', '61', 'Dicta dolor maxime voluptate qui consectetur. Dicta et debitis perferendis vero esse. Aliquam in perferendis aliquid molestias. Id soluta quia ea aut voluptatem ipsa. Rerum eos vel nostrum et.', NULL, NULL, '1979-04-19 08:54:28', '1994-01-17 14:52:17');
INSERT INTO `posts` (`id`, `user_id`, `post`, `attachments`, `metadata`, `created_at`, `updated_at`) VALUES ('47', '88', 'Nihil et ut et est eum nulla. Quia et rem aut rem et. Pariatur repudiandae deserunt eum et quia quidem. Beatae quam qui ducimus aspernatur deleniti nihil temporibus asperiores.', NULL, NULL, '2016-03-14 02:20:23', '1973-09-19 00:15:21');
INSERT INTO `posts` (`id`, `user_id`, `post`, `attachments`, `metadata`, `created_at`, `updated_at`) VALUES ('48', '29', 'Quos animi minus ex. Dignissimos laudantium ut dolor nisi.\nIllum itaque omnis rerum atque. Quibusdam enim labore laborum id reiciendis magnam. Voluptatibus minus repudiandae et deserunt omnis.', NULL, NULL, '1997-08-29 02:38:21', '1977-11-29 01:38:49');
INSERT INTO `posts` (`id`, `user_id`, `post`, `attachments`, `metadata`, `created_at`, `updated_at`) VALUES ('49', '48', 'Consequuntur ad et quidem quia exercitationem. Qui rerum magni ratione modi rerum. Laborum quae facilis ipsa assumenda et officia nulla. Vel est dolor ut voluptates mollitia molestiae excepturi.', NULL, NULL, '1974-08-06 08:25:27', '1973-06-12 12:15:52');
INSERT INTO `posts` (`id`, `user_id`, `post`, `attachments`, `metadata`, `created_at`, `updated_at`) VALUES ('50', '94', 'Sapiente ut qui odit qui consequuntur. Incidunt consequatur perspiciatis accusamus error vel. Id aperiam est aut corporis. Quae vitae tempora est optio.', NULL, NULL, '1983-10-01 21:06:22', '1970-06-14 16:17:07');
INSERT INTO `posts` (`id`, `user_id`, `post`, `attachments`, `metadata`, `created_at`, `updated_at`) VALUES ('51', '92', 'Pariatur eaque harum sed dolor molestias. Occaecati et facilis consequatur molestiae.', NULL, NULL, '1981-04-27 20:33:22', '1993-01-05 04:48:01');
INSERT INTO `posts` (`id`, `user_id`, `post`, `attachments`, `metadata`, `created_at`, `updated_at`) VALUES ('52', '15', 'Sunt est quibusdam harum eos ut aspernatur. Qui rerum ratione sunt odit et ratione consequatur. Saepe at et fuga et.', NULL, NULL, '1999-04-03 06:18:23', '1982-07-22 23:45:34');
INSERT INTO `posts` (`id`, `user_id`, `post`, `attachments`, `metadata`, `created_at`, `updated_at`) VALUES ('53', '83', 'Quo et porro velit incidunt et ea ea. Mollitia nulla sunt sed occaecati. Aut et itaque quisquam maiores quia.\nAnimi ea commodi voluptates eius porro et. Minima dolores libero nihil autem nam.', NULL, NULL, '1980-08-04 08:30:45', '2015-09-06 01:04:01');
INSERT INTO `posts` (`id`, `user_id`, `post`, `attachments`, `metadata`, `created_at`, `updated_at`) VALUES ('54', '95', 'Aut et quo consequatur nam et. Ullam illum praesentium esse blanditiis. Ex doloremque a architecto soluta facere adipisci. Dicta cupiditate dolores est esse placeat accusantium maxime.', NULL, NULL, '2013-03-30 17:22:30', '1980-06-09 16:57:37');
INSERT INTO `posts` (`id`, `user_id`, `post`, `attachments`, `metadata`, `created_at`, `updated_at`) VALUES ('55', '12', 'Neque molestiae quo sit quia non. Expedita hic provident ut. Doloribus quia adipisci quia et. Labore suscipit qui dolore vel dolor id reprehenderit.', NULL, NULL, '2008-05-16 16:26:37', '1981-11-15 02:46:10');
INSERT INTO `posts` (`id`, `user_id`, `post`, `attachments`, `metadata`, `created_at`, `updated_at`) VALUES ('56', '19', 'Ipsam ut voluptas ipsa saepe qui sapiente. Accusamus dolorem repellendus dolores et impedit unde rerum ipsum. Dignissimos repudiandae debitis omnis est ducimus exercitationem dolores.', NULL, NULL, '1971-01-26 02:02:04', '1994-07-03 23:17:46');
INSERT INTO `posts` (`id`, `user_id`, `post`, `attachments`, `metadata`, `created_at`, `updated_at`) VALUES ('57', '3', 'Reiciendis aperiam blanditiis assumenda consequatur. Ut ut excepturi quae voluptatem. At ipsa fuga sit quia enim quasi.', NULL, NULL, '2017-04-12 16:06:53', '2010-07-18 03:55:06');
INSERT INTO `posts` (`id`, `user_id`, `post`, `attachments`, `metadata`, `created_at`, `updated_at`) VALUES ('58', '11', 'Ullam totam est doloremque eveniet ipsum enim eos. Vel nihil laborum et quam nulla ut ut. Totam magni voluptas doloremque cupiditate in placeat.', NULL, NULL, '1996-02-19 22:44:39', '2011-08-22 02:51:07');
INSERT INTO `posts` (`id`, `user_id`, `post`, `attachments`, `metadata`, `created_at`, `updated_at`) VALUES ('59', '63', 'Aliquid fuga aut ipsam distinctio ex in illo assumenda. Reiciendis expedita reiciendis accusamus minima quia est. Distinctio sit in iste fugiat. Doloremque harum corporis officia eum.', NULL, NULL, '2007-09-21 08:50:09', '1982-07-21 08:32:15');
INSERT INTO `posts` (`id`, `user_id`, `post`, `attachments`, `metadata`, `created_at`, `updated_at`) VALUES ('60', '96', 'Optio dolore voluptatem dolore deserunt dolorum. Quo et dolor ducimus sequi. Non quas quo expedita eveniet sit.', NULL, NULL, '1998-12-12 18:10:50', '1992-07-23 21:08:22');
INSERT INTO `posts` (`id`, `user_id`, `post`, `attachments`, `metadata`, `created_at`, `updated_at`) VALUES ('61', '63', 'Tempora sunt sed est est excepturi impedit. In iusto repellat mollitia illum. Dicta enim itaque et est eos voluptas assumenda. Earum fugiat voluptatem dolores perferendis pariatur sed perspiciatis.', NULL, NULL, '1982-04-22 16:06:39', '1987-09-02 11:56:09');
INSERT INTO `posts` (`id`, `user_id`, `post`, `attachments`, `metadata`, `created_at`, `updated_at`) VALUES ('62', '51', 'Nulla repellat occaecati dolorum ipsam sint itaque minus soluta. Qui eos qui delectus eum non omnis. Sapiente tempora impedit quia tenetur est rerum ut. Ullam explicabo illum sit quos qui est fugiat.', NULL, NULL, '2010-01-06 19:01:42', '2011-02-18 18:46:46');
INSERT INTO `posts` (`id`, `user_id`, `post`, `attachments`, `metadata`, `created_at`, `updated_at`) VALUES ('63', '43', 'Ut aspernatur sed qui et. Nam dolor delectus nesciunt adipisci dolorem. Aut beatae voluptas laudantium deserunt qui. Est et porro at sint id accusantium aut.', NULL, NULL, '1994-09-28 03:33:16', '1983-10-22 13:54:54');
INSERT INTO `posts` (`id`, `user_id`, `post`, `attachments`, `metadata`, `created_at`, `updated_at`) VALUES ('64', '80', 'Architecto voluptatibus voluptatem consequuntur corrupti dolor velit. Nostrum corporis fuga laudantium cupiditate aut.', NULL, NULL, '2004-04-18 04:34:50', '1980-04-27 10:15:35');
INSERT INTO `posts` (`id`, `user_id`, `post`, `attachments`, `metadata`, `created_at`, `updated_at`) VALUES ('65', '94', 'At modi dignissimos reprehenderit aut molestias. Et consequatur blanditiis enim repudiandae voluptate sed velit. Esse recusandae veritatis necessitatibus ducimus quos.', NULL, NULL, '1973-05-10 19:36:20', '2001-08-08 13:27:01');
INSERT INTO `posts` (`id`, `user_id`, `post`, `attachments`, `metadata`, `created_at`, `updated_at`) VALUES ('66', '21', 'Voluptas consequatur porro maiores temporibus vel. Ad et voluptas distinctio est voluptatum. Quam et ipsum ea eligendi illum minima qui.', NULL, NULL, '2007-01-24 06:23:40', '1974-09-20 03:16:34');
INSERT INTO `posts` (`id`, `user_id`, `post`, `attachments`, `metadata`, `created_at`, `updated_at`) VALUES ('67', '12', 'Quod aut a sed et accusamus non. Itaque ex voluptatem illo est libero repellendus eius aut. Sunt aut ipsum et non ut tenetur. Provident quam rem illo.', NULL, NULL, '2001-11-15 13:34:53', '1970-05-09 22:22:08');
INSERT INTO `posts` (`id`, `user_id`, `post`, `attachments`, `metadata`, `created_at`, `updated_at`) VALUES ('68', '8', 'Sint sit autem deserunt necessitatibus. Consequatur eaque voluptas dolores. Inventore harum tenetur ullam aut qui iste porro. Excepturi officiis porro doloremque molestias voluptate facere commodi.', NULL, NULL, '1972-03-06 07:34:58', '1979-10-07 04:57:30');
INSERT INTO `posts` (`id`, `user_id`, `post`, `attachments`, `metadata`, `created_at`, `updated_at`) VALUES ('69', '32', 'Architecto sit rerum laudantium. In quia molestias impedit sit reiciendis corporis quas. Maxime ut aut sequi similique ut natus beatae.', NULL, NULL, '1986-09-15 06:35:36', '2005-09-18 04:32:15');
INSERT INTO `posts` (`id`, `user_id`, `post`, `attachments`, `metadata`, `created_at`, `updated_at`) VALUES ('70', '17', 'Magni et eum voluptatem et aut culpa. Animi illum distinctio aperiam. Quasi et ea adipisci iure aut eaque. Veniam qui molestiae iure magni. Vero quo quo rem voluptas aut est.', NULL, NULL, '2018-08-16 00:13:48', '1970-12-02 20:32:14');
INSERT INTO `posts` (`id`, `user_id`, `post`, `attachments`, `metadata`, `created_at`, `updated_at`) VALUES ('71', '47', 'Est laudantium non perferendis dolores dignissimos fuga itaque. Qui sint voluptatem corrupti sint velit amet. Sed ad numquam error modi qui natus consectetur. Ipsum dicta quia doloribus doloremque.', NULL, NULL, '1978-02-08 14:15:38', '1979-06-05 22:44:07');
INSERT INTO `posts` (`id`, `user_id`, `post`, `attachments`, `metadata`, `created_at`, `updated_at`) VALUES ('72', '93', 'Sunt ad vitae quia minus voluptatum et recusandae. Voluptas at odio et voluptatum odit. Excepturi aut minus non. Quo nostrum illum animi nulla consequatur repudiandae.', NULL, NULL, '1998-01-22 10:50:14', '2013-07-15 18:11:44');
INSERT INTO `posts` (`id`, `user_id`, `post`, `attachments`, `metadata`, `created_at`, `updated_at`) VALUES ('73', '10', 'Et eos id molestiae aut qui ab incidunt. Eos eos temporibus voluptas fugit modi ut. Veniam et ea sint dignissimos aut nihil quisquam reprehenderit. Et rerum quia amet praesentium.', NULL, NULL, '2010-12-17 03:03:55', '1988-01-19 19:46:51');
INSERT INTO `posts` (`id`, `user_id`, `post`, `attachments`, `metadata`, `created_at`, `updated_at`) VALUES ('74', '36', 'Dicta quis et laboriosam sunt est illo reiciendis. Voluptates ut unde quia culpa. Porro voluptatem non ullam non aut fuga. Aliquam architecto vel fuga.', NULL, NULL, '2002-11-08 13:09:35', '2001-12-11 11:23:29');
INSERT INTO `posts` (`id`, `user_id`, `post`, `attachments`, `metadata`, `created_at`, `updated_at`) VALUES ('75', '12', 'Animi maiores magni voluptatem magni temporibus ipsam. Qui et et natus nemo aut quis. Quam pariatur minima explicabo et aliquam consequatur ea consequuntur.', NULL, NULL, '1976-05-01 14:22:17', '1971-10-06 07:42:04');
INSERT INTO `posts` (`id`, `user_id`, `post`, `attachments`, `metadata`, `created_at`, `updated_at`) VALUES ('76', '86', 'Et doloremque non velit culpa minus. Sit quia nisi et sunt. Voluptatem sunt et et. Voluptatem officiis eos neque.', NULL, NULL, '2017-11-14 17:59:02', '1998-03-06 11:11:17');
INSERT INTO `posts` (`id`, `user_id`, `post`, `attachments`, `metadata`, `created_at`, `updated_at`) VALUES ('77', '97', 'Tenetur qui et est sed rem aut. Qui expedita sunt architecto fugit eaque aperiam iste qui. Necessitatibus magni omnis sapiente qui harum.', NULL, NULL, '1982-04-13 02:41:40', '1980-04-12 08:42:33');
INSERT INTO `posts` (`id`, `user_id`, `post`, `attachments`, `metadata`, `created_at`, `updated_at`) VALUES ('78', '99', 'Consequatur est voluptates voluptatem quaerat nobis perferendis accusantium. Error incidunt provident et laudantium. A optio inventore quia dicta.', NULL, NULL, '1998-02-05 08:53:39', '2016-12-28 00:15:06');
INSERT INTO `posts` (`id`, `user_id`, `post`, `attachments`, `metadata`, `created_at`, `updated_at`) VALUES ('79', '14', 'Error nisi rerum sed accusamus necessitatibus. Dolorem quae sequi et totam eum eum. Enim beatae ex debitis.', NULL, NULL, '1998-03-04 20:45:38', '2007-04-11 12:46:44');
INSERT INTO `posts` (`id`, `user_id`, `post`, `attachments`, `metadata`, `created_at`, `updated_at`) VALUES ('80', '44', 'Similique adipisci quaerat omnis vero voluptates. Totam enim voluptas eos tempore et dolorem aliquam eius.', NULL, NULL, '1997-05-11 18:48:48', '2001-08-05 23:04:20');
INSERT INTO `posts` (`id`, `user_id`, `post`, `attachments`, `metadata`, `created_at`, `updated_at`) VALUES ('81', '93', 'Totam hic perspiciatis sit eveniet et. Ea delectus pariatur voluptatibus. Sit quibusdam harum quaerat sunt ut debitis autem.', NULL, NULL, '2016-08-12 18:51:01', '1990-01-15 21:54:02');
INSERT INTO `posts` (`id`, `user_id`, `post`, `attachments`, `metadata`, `created_at`, `updated_at`) VALUES ('82', '5', 'Repellendus iusto optio ex nobis aspernatur quo vel aut. Sunt velit dolorum nam architecto. Eos ut nemo nemo. Id repellendus animi rerum quisquam omnis.', NULL, NULL, '2016-11-26 23:58:41', '1970-03-14 21:36:45');
INSERT INTO `posts` (`id`, `user_id`, `post`, `attachments`, `metadata`, `created_at`, `updated_at`) VALUES ('83', '59', 'Rerum maiores eum nisi fugiat et sunt. Voluptatibus consequatur sed libero sint sint cumque sit pariatur. Veniam ad fugiat et aut. Velit quaerat molestiae architecto voluptates voluptatem.', NULL, NULL, '1993-12-13 15:42:14', '2019-02-06 00:22:30');
INSERT INTO `posts` (`id`, `user_id`, `post`, `attachments`, `metadata`, `created_at`, `updated_at`) VALUES ('84', '75', 'Itaque rem quam assumenda et tempora. Ratione repellat aliquid quia eos sed doloremque. Ducimus tempora quam accusantium dicta. Consequuntur autem qui dicta voluptas fugiat sunt.', NULL, NULL, '2003-01-19 01:13:44', '2001-08-25 02:11:27');
INSERT INTO `posts` (`id`, `user_id`, `post`, `attachments`, `metadata`, `created_at`, `updated_at`) VALUES ('85', '99', 'Et numquam laboriosam fugit et sit perspiciatis dolorum facilis. Fuga ducimus in accusamus sunt et repellat. Sint sed officiis autem nam aut hic necessitatibus.', NULL, NULL, '1990-07-30 15:52:54', '2020-06-11 07:07:47');
INSERT INTO `posts` (`id`, `user_id`, `post`, `attachments`, `metadata`, `created_at`, `updated_at`) VALUES ('86', '71', 'Provident sit cumque et deserunt ad est reiciendis. Est atque eaque dolorem ut et. Deleniti necessitatibus quo perspiciatis tenetur sit labore soluta. Libero dolor error modi quae.', NULL, NULL, '1985-03-21 03:09:56', '2018-07-28 02:21:28');
INSERT INTO `posts` (`id`, `user_id`, `post`, `attachments`, `metadata`, `created_at`, `updated_at`) VALUES ('87', '94', 'Sed non vitae qui laborum aut debitis molestias. Dolorum corrupti aliquam iure culpa repellat repellat et.', NULL, NULL, '1986-01-08 13:00:31', '1992-02-27 16:34:13');
INSERT INTO `posts` (`id`, `user_id`, `post`, `attachments`, `metadata`, `created_at`, `updated_at`) VALUES ('88', '2', 'Quo accusantium in modi cumque qui libero veniam. Est et doloribus repudiandae et quae ut non.', NULL, NULL, '2008-12-10 10:25:59', '2018-07-08 16:57:05');
INSERT INTO `posts` (`id`, `user_id`, `post`, `attachments`, `metadata`, `created_at`, `updated_at`) VALUES ('89', '81', 'Quae unde veniam soluta tempora atque atque iusto. Odio necessitatibus saepe voluptatibus. Qui et facere autem dolorem.', NULL, NULL, '1992-08-10 10:58:55', '2010-03-21 02:23:02');
INSERT INTO `posts` (`id`, `user_id`, `post`, `attachments`, `metadata`, `created_at`, `updated_at`) VALUES ('90', '57', 'In placeat quas aut. Voluptatum velit ad explicabo dolor voluptate quis. Ut et sunt nesciunt saepe magni nemo est vel.\nAut laboriosam et quae debitis. Veniam harum autem quidem totam repellat modi.', NULL, NULL, '1998-06-24 12:42:04', '2011-09-09 20:36:24');
INSERT INTO `posts` (`id`, `user_id`, `post`, `attachments`, `metadata`, `created_at`, `updated_at`) VALUES ('91', '97', 'Eius provident magnam recusandae quam sed. Ut id veniam qui voluptate quia in minus. Harum ea excepturi quo.', NULL, NULL, '1971-05-19 21:06:56', '1992-10-25 22:13:29');
INSERT INTO `posts` (`id`, `user_id`, `post`, `attachments`, `metadata`, `created_at`, `updated_at`) VALUES ('92', '44', 'Dolores consequatur velit maiores repellendus corrupti. Eligendi id placeat velit in eum sunt. Ad aliquam a est cumque quia quidem. Qui quisquam esse esse et sed ab labore.', NULL, NULL, '1991-05-07 12:53:31', '1979-09-25 01:10:26');
INSERT INTO `posts` (`id`, `user_id`, `post`, `attachments`, `metadata`, `created_at`, `updated_at`) VALUES ('93', '8', 'Qui deleniti iure distinctio et commodi qui. Sint sit pariatur sequi at distinctio. Autem eligendi dolore ullam optio quia consequatur esse.', NULL, NULL, '2009-01-20 04:31:59', '1972-03-16 12:09:28');
INSERT INTO `posts` (`id`, `user_id`, `post`, `attachments`, `metadata`, `created_at`, `updated_at`) VALUES ('94', '40', 'Sint quia voluptatum et. Deserunt est cumque sequi quo. Aspernatur dolores voluptatem ut consequuntur enim similique. Reprehenderit exercitationem sed eaque voluptates voluptatem quam et doloribus.', NULL, NULL, '2000-08-17 23:05:38', '2019-07-29 08:18:34');
INSERT INTO `posts` (`id`, `user_id`, `post`, `attachments`, `metadata`, `created_at`, `updated_at`) VALUES ('95', '23', 'Sit est reiciendis voluptatem quod quis ut qui. Qui ut adipisci nobis consequatur nesciunt eos. Labore atque voluptate a quia dolorem recusandae. Eos enim voluptas maiores.', NULL, NULL, '1994-03-09 22:34:29', '1999-04-17 08:54:17');
INSERT INTO `posts` (`id`, `user_id`, `post`, `attachments`, `metadata`, `created_at`, `updated_at`) VALUES ('96', '1', 'Explicabo qui voluptatem quia. Pariatur ratione cumque magni quia quae vel. Neque quis beatae ad possimus necessitatibus eum.', NULL, NULL, '2010-10-19 18:47:57', '2011-06-25 18:43:58');
INSERT INTO `posts` (`id`, `user_id`, `post`, `attachments`, `metadata`, `created_at`, `updated_at`) VALUES ('97', '60', 'Asperiores labore sit sunt officia exercitationem ratione id. Sed ut rem deleniti iste debitis debitis.', NULL, NULL, '1998-06-17 09:56:54', '1983-01-16 04:36:40');
INSERT INTO `posts` (`id`, `user_id`, `post`, `attachments`, `metadata`, `created_at`, `updated_at`) VALUES ('98', '35', 'Dolor rerum qui aut eos architecto magni. Dolores voluptatem sapiente voluptatem iste laborum. Incidunt est at nobis aliquam reprehenderit. Eum aut perferendis modi assumenda a at est.', NULL, NULL, '1986-09-13 01:33:11', '1985-05-10 12:49:52');
INSERT INTO `posts` (`id`, `user_id`, `post`, `attachments`, `metadata`, `created_at`, `updated_at`) VALUES ('99', '9', 'Quo odio ut et minima. Minima inventore omnis sunt et. Illum quos ut qui unde.', NULL, NULL, '2003-12-16 18:28:05', '1993-12-02 16:45:04');
INSERT INTO `posts` (`id`, `user_id`, `post`, `attachments`, `metadata`, `created_at`, `updated_at`) VALUES ('100', '92', 'Sit fugiat quos aut voluptatum in et recusandae officia. Ut sit voluptatem ut minima corporis. Animi veritatis dolores aut qui. Voluptatem illo ut nostrum.', NULL, NULL, '1987-02-22 10:41:04', '2008-08-25 17:07:08');

INSERT INTO `comments` (`id`, `user_id`, `post_id`, `comment`, `created_at`, `updated_at`) VALUES ('1', '58', '74', 'Accusamus repellat voluptatem officiis eaque rerum. Deserunt nulla sit iste dolorem provident. Quod esse saepe inventore dolor aut quia iusto. Id et provident vel voluptas nesciunt.', '2017-07-01 20:29:44', '2019-08-11 06:20:23');
INSERT INTO `comments` (`id`, `user_id`, `post_id`, `comment`, `created_at`, `updated_at`) VALUES ('2', '78', '4', 'Est consequuntur dolor eos quibusdam et aliquid error magni. Qui non ad quia et ab qui ea. Voluptatem vero ducimus iure aliquam temporibus rem qui.', '1971-04-06 11:14:15', '2017-10-08 02:40:10');
INSERT INTO `comments` (`id`, `user_id`, `post_id`, `comment`, `created_at`, `updated_at`) VALUES ('3', '34', '35', 'Laboriosam aut corporis in sint distinctio debitis. Ut aliquam incidunt saepe quisquam necessitatibus neque quod. Quis provident quo repellat dolorem. Sapiente culpa dolor repellendus quis dolorum labore.', '1983-10-12 17:33:00', '1986-02-25 16:42:31');
INSERT INTO `comments` (`id`, `user_id`, `post_id`, `comment`, `created_at`, `updated_at`) VALUES ('4', '87', '80', 'Adipisci voluptatem qui ea ad saepe in ea. Eaque quia vel nemo sunt. Et quaerat placeat incidunt qui tenetur repellat laboriosam. Architecto non illo eum et sit. Est libero est optio explicabo qui.', '1978-03-17 22:24:52', '1984-01-29 14:29:53');
INSERT INTO `comments` (`id`, `user_id`, `post_id`, `comment`, `created_at`, `updated_at`) VALUES ('5', '63', '75', 'Recusandae et eos quos architecto ratione aut. Quia est nihil quia deleniti. Eaque et quia maxime. Velit quidem laborum et.', '2016-11-12 05:58:12', '1988-12-16 06:15:40');
INSERT INTO `comments` (`id`, `user_id`, `post_id`, `comment`, `created_at`, `updated_at`) VALUES ('6', '4', '71', 'Et consequatur et odit praesentium. Magni harum voluptate et ab odio. Iusto minima doloribus voluptatem reprehenderit et.', '2005-10-10 12:29:45', '1984-09-12 17:59:04');
INSERT INTO `comments` (`id`, `user_id`, `post_id`, `comment`, `created_at`, `updated_at`) VALUES ('7', '62', '51', 'Et qui quasi et est laborum reiciendis. Voluptatem aut dolorem quia perspiciatis perferendis voluptatem soluta. Voluptatem dolor ut non accusantium.', '2006-11-17 22:58:38', '2002-10-13 03:20:06');
INSERT INTO `comments` (`id`, `user_id`, `post_id`, `comment`, `created_at`, `updated_at`) VALUES ('8', '98', '34', 'Nihil nihil laborum alias fugit ipsum iusto quis. Aspernatur in corporis cumque quis possimus. Corrupti non ut enim qui. Mollitia et voluptate libero deserunt qui.', '2000-06-25 17:35:50', '1976-07-13 13:10:24');
INSERT INTO `comments` (`id`, `user_id`, `post_id`, `comment`, `created_at`, `updated_at`) VALUES ('9', '14', '27', 'Voluptatem tempora excepturi optio quos. Nesciunt cupiditate est voluptatem qui omnis. Ipsam eum voluptas enim maiores laudantium. Ipsam enim autem provident amet possimus.', '1998-11-27 16:17:26', '2006-03-01 06:40:26');
INSERT INTO `comments` (`id`, `user_id`, `post_id`, `comment`, `created_at`, `updated_at`) VALUES ('10', '85', '68', 'Et necessitatibus vitae voluptatem consequatur voluptatibus sit. Minima minima rerum qui voluptatibus deserunt. Tempore sit aliquam explicabo cumque. Ad nostrum esse eos voluptatem praesentium.', '1981-09-26 13:36:10', '2016-12-11 07:03:27');
INSERT INTO `comments` (`id`, `user_id`, `post_id`, `comment`, `created_at`, `updated_at`) VALUES ('11', '85', '67', 'Est quo sint quisquam. Nihil velit sit et et rerum iste earum natus. Esse pariatur ut soluta dolores minima nobis repellendus. Quia hic iure molestiae et alias.', '2000-11-23 16:54:42', '1992-05-22 00:01:30');
INSERT INTO `comments` (`id`, `user_id`, `post_id`, `comment`, `created_at`, `updated_at`) VALUES ('12', '69', '45', 'Quia id assumenda illum totam animi et eum. Est et est ipsa sit doloremque. Aut id temporibus rerum ducimus quod.', '1999-12-26 17:22:16', '2012-01-27 08:50:38');
INSERT INTO `comments` (`id`, `user_id`, `post_id`, `comment`, `created_at`, `updated_at`) VALUES ('13', '100', '95', 'Rerum deleniti voluptas quam fuga at molestias in velit. In reprehenderit ipsa facere libero qui. Incidunt aut voluptatem saepe a officia velit voluptate. Neque dicta autem a qui et pariatur voluptatibus.', '2010-11-19 05:02:11', '2008-06-06 15:52:36');
INSERT INTO `comments` (`id`, `user_id`, `post_id`, `comment`, `created_at`, `updated_at`) VALUES ('14', '27', '98', 'Numquam ut et voluptas aut unde eum. Et beatae veritatis eum enim earum. Magnam veritatis sapiente dolorem odit. Numquam repellat minima impedit pariatur modi consectetur occaecati et. Repellendus natus corrupti consequatur sint modi quo.', '1986-01-05 19:20:41', '1973-08-18 01:03:16');
INSERT INTO `comments` (`id`, `user_id`, `post_id`, `comment`, `created_at`, `updated_at`) VALUES ('15', '80', '11', 'Et est dolore sed ipsa modi maiores qui illum. Quia ipsa atque culpa perferendis nam. Aliquam nemo sit omnis non. Reiciendis qui qui et voluptatem asperiores nisi.', '2008-12-20 13:29:42', '1982-04-15 22:53:56');
INSERT INTO `comments` (`id`, `user_id`, `post_id`, `comment`, `created_at`, `updated_at`) VALUES ('16', '25', '38', 'Molestias sint ad similique id. Amet cumque repudiandae expedita saepe vel. Adipisci quae quam ipsam voluptates dolorem corrupti et.', '2007-09-12 14:05:52', '2011-09-19 08:18:23');
INSERT INTO `comments` (`id`, `user_id`, `post_id`, `comment`, `created_at`, `updated_at`) VALUES ('17', '84', '3', 'Inventore quisquam vel dolor suscipit. Veritatis illum distinctio et. Alias enim corrupti ab aperiam culpa quia suscipit. Iusto veritatis ut hic sunt et.', '2003-11-09 14:45:13', '1978-08-02 15:43:36');
INSERT INTO `comments` (`id`, `user_id`, `post_id`, `comment`, `created_at`, `updated_at`) VALUES ('18', '42', '18', 'Ab et eos magnam. Atque ad tempora quod voluptatem fugit nesciunt. Quia error nemo aspernatur minima ea consequatur.', '2006-11-02 20:29:24', '1990-09-02 18:01:41');
INSERT INTO `comments` (`id`, `user_id`, `post_id`, `comment`, `created_at`, `updated_at`) VALUES ('19', '37', '28', 'Vel illum eum fugit sunt. Sed vitae commodi quisquam quam dolorem. Consectetur et ipsa porro.', '1981-11-20 11:24:13', '2007-06-03 23:20:37');
INSERT INTO `comments` (`id`, `user_id`, `post_id`, `comment`, `created_at`, `updated_at`) VALUES ('20', '98', '100', 'Autem voluptatem porro quia modi temporibus et. Non repellat aliquam aliquam vel. Eos tempora nobis dolorem vel vel dolores molestiae quam. Id ea optio iusto maiores.', '2019-01-26 04:34:30', '1992-12-01 19:32:54');
INSERT INTO `comments` (`id`, `user_id`, `post_id`, `comment`, `created_at`, `updated_at`) VALUES ('21', '3', '1', 'Excepturi maiores fugit delectus. Veniam non ut iure rerum ab quasi. Id ea cum commodi velit consequatur.', '1979-06-21 05:24:47', '2006-08-22 00:16:27');
INSERT INTO `comments` (`id`, `user_id`, `post_id`, `comment`, `created_at`, `updated_at`) VALUES ('22', '70', '65', 'Fugit commodi odio iusto delectus. Maxime id vitae et dignissimos impedit omnis.', '1999-10-04 23:39:14', '1980-04-28 13:19:32');
INSERT INTO `comments` (`id`, `user_id`, `post_id`, `comment`, `created_at`, `updated_at`) VALUES ('23', '51', '68', 'Quibusdam similique fugiat occaecati dolor eos. Modi est temporibus sit quia voluptas adipisci sit.', '2007-01-18 17:18:17', '2013-07-20 17:11:50');
INSERT INTO `comments` (`id`, `user_id`, `post_id`, `comment`, `created_at`, `updated_at`) VALUES ('24', '98', '64', 'Quos consectetur cum nesciunt et nisi ut. Repellat sint mollitia dolor a id repellendus blanditiis. Necessitatibus illo et quaerat incidunt dolorem sequi. Quod ut blanditiis et animi porro. Asperiores hic omnis enim dolor aut iste.', '2001-12-09 22:11:45', '1996-01-31 06:06:38');
INSERT INTO `comments` (`id`, `user_id`, `post_id`, `comment`, `created_at`, `updated_at`) VALUES ('25', '95', '82', 'Voluptas omnis aut mollitia mollitia sit maiores voluptatem illum. Unde impedit et ab maiores.', '2009-11-01 19:24:24', '1997-11-01 05:43:16');
INSERT INTO `comments` (`id`, `user_id`, `post_id`, `comment`, `created_at`, `updated_at`) VALUES ('26', '32', '79', 'Minus veniam repudiandae consequatur aut quisquam. Tempore eum sed delectus inventore omnis. Quia accusantium aut totam provident distinctio recusandae deserunt. Ea quae porro doloremque quia nihil sed non.', '2010-02-14 07:19:13', '1991-09-09 13:07:21');
INSERT INTO `comments` (`id`, `user_id`, `post_id`, `comment`, `created_at`, `updated_at`) VALUES ('27', '48', '100', 'Voluptatem accusamus nulla quia eum molestiae. Quia perferendis beatae quisquam deleniti corrupti eos. Voluptatibus repellendus eaque nobis provident et.', '1986-03-27 12:36:56', '1978-11-18 12:34:21');
INSERT INTO `comments` (`id`, `user_id`, `post_id`, `comment`, `created_at`, `updated_at`) VALUES ('28', '24', '48', 'Quas nesciunt maiores et iste necessitatibus. Quia eligendi sint culpa. Sit fugit omnis porro qui magni voluptatem magnam.', '1991-05-29 06:35:54', '1980-03-26 08:21:17');
INSERT INTO `comments` (`id`, `user_id`, `post_id`, `comment`, `created_at`, `updated_at`) VALUES ('29', '95', '50', 'Delectus eum quia necessitatibus aut. Quae hic cumque eum facere sunt. Officia voluptas rem sunt neque.', '1985-05-25 21:05:08', '1974-07-01 10:36:27');
INSERT INTO `comments` (`id`, `user_id`, `post_id`, `comment`, `created_at`, `updated_at`) VALUES ('30', '45', '75', 'Accusantium ex quos excepturi aut quaerat omnis quae incidunt. Autem sit numquam dolorum dolor ut. Quia libero et libero. Qui perspiciatis labore omnis omnis dicta.', '1993-09-11 06:01:17', '1984-07-19 18:59:56');
INSERT INTO `comments` (`id`, `user_id`, `post_id`, `comment`, `created_at`, `updated_at`) VALUES ('31', '61', '70', 'Ut totam esse similique iure officiis corporis rerum. Est dicta officiis ipsa beatae deserunt rerum dolorum. Aliquid est vel rerum provident voluptatem.', '2004-04-13 13:25:17', '1994-08-23 14:14:15');
INSERT INTO `comments` (`id`, `user_id`, `post_id`, `comment`, `created_at`, `updated_at`) VALUES ('32', '12', '45', 'Odio aliquam aliquid eaque et. Eligendi beatae in impedit non exercitationem. Esse minima ullam quibusdam est adipisci sed. Ad excepturi dolorem quo porro aut. Quibusdam voluptas illo repellat eum.', '2013-10-15 13:26:05', '1979-03-25 19:16:33');
INSERT INTO `comments` (`id`, `user_id`, `post_id`, `comment`, `created_at`, `updated_at`) VALUES ('33', '72', '53', 'Ea laborum qui numquam repellendus. Minima quia et illo nesciunt illum nam aliquid. Doloribus magni tenetur ad quidem quasi aliquid.', '1979-09-20 22:02:37', '1976-10-03 16:08:31');
INSERT INTO `comments` (`id`, `user_id`, `post_id`, `comment`, `created_at`, `updated_at`) VALUES ('34', '62', '8', 'Accusantium quis aut corporis quia. Et aspernatur commodi est qui ut consequuntur.', '2013-04-27 05:44:49', '1984-08-13 16:27:44');
INSERT INTO `comments` (`id`, `user_id`, `post_id`, `comment`, `created_at`, `updated_at`) VALUES ('35', '81', '60', 'Voluptatibus aperiam molestiae ut quis mollitia perspiciatis reprehenderit. Sunt possimus dolorum expedita consequatur placeat dignissimos. Sed libero velit tempora. Vel voluptates repudiandae vel iste.', '1970-05-30 01:41:43', '1998-11-19 02:12:47');
INSERT INTO `comments` (`id`, `user_id`, `post_id`, `comment`, `created_at`, `updated_at`) VALUES ('36', '7', '83', 'Nesciunt est mollitia suscipit consequatur quibusdam distinctio molestiae nihil. Perferendis magnam et eveniet fugiat explicabo delectus.', '1975-03-13 08:19:22', '1983-10-03 10:48:48');
INSERT INTO `comments` (`id`, `user_id`, `post_id`, `comment`, `created_at`, `updated_at`) VALUES ('37', '60', '77', 'Nemo est mollitia eos eius et. Ex voluptatem praesentium sit molestiae. Sed impedit sunt sed.', '2013-02-28 03:22:42', '1979-05-11 03:50:11');
INSERT INTO `comments` (`id`, `user_id`, `post_id`, `comment`, `created_at`, `updated_at`) VALUES ('38', '47', '11', 'Commodi quae quae doloribus harum. Enim ea accusamus in molestias esse aut. Provident eos deleniti dignissimos et aliquid reiciendis modi.', '1979-08-16 10:13:17', '1987-02-22 06:02:16');
INSERT INTO `comments` (`id`, `user_id`, `post_id`, `comment`, `created_at`, `updated_at`) VALUES ('39', '45', '45', 'Explicabo quam vitae reprehenderit nemo nostrum eos eum. Facere eveniet sapiente animi distinctio ratione. Iste ipsam enim debitis nostrum sed velit.', '2015-04-14 07:35:11', '1991-04-15 01:34:40');
INSERT INTO `comments` (`id`, `user_id`, `post_id`, `comment`, `created_at`, `updated_at`) VALUES ('40', '75', '39', 'Molestias quia veritatis totam aut. Facilis culpa aspernatur qui inventore vel libero nostrum. Quibusdam similique occaecati voluptatem illo et dolorem. Quo fugit ut rerum quasi vitae dolorem.', '1980-08-03 07:05:08', '2018-10-11 23:45:43');
INSERT INTO `comments` (`id`, `user_id`, `post_id`, `comment`, `created_at`, `updated_at`) VALUES ('41', '26', '6', 'Laudantium asperiores officiis et veritatis quam error maxime officia. Quo corrupti ea error tempora dolore. Neque numquam ut reiciendis mollitia ipsam maxime alias.', '2000-04-17 07:22:24', '1990-09-11 21:28:34');
INSERT INTO `comments` (`id`, `user_id`, `post_id`, `comment`, `created_at`, `updated_at`) VALUES ('42', '18', '74', 'Minima doloremque sequi rerum voluptatem dignissimos sed mollitia harum. Maxime ipsam non velit magnam. Vel rem modi sint dolorem dolores aut itaque totam.', '1988-12-10 10:33:40', '1970-01-09 18:49:57');
INSERT INTO `comments` (`id`, `user_id`, `post_id`, `comment`, `created_at`, `updated_at`) VALUES ('43', '6', '41', 'Doloremque facilis repellendus omnis illum. Totam reprehenderit voluptatum dolores sunt odit. Dolorem voluptatum iste quos quos provident nam.', '1971-05-08 06:41:42', '1972-05-31 03:47:20');
INSERT INTO `comments` (`id`, `user_id`, `post_id`, `comment`, `created_at`, `updated_at`) VALUES ('44', '21', '100', 'Voluptatum et officia assumenda nihil quia repudiandae laudantium. Porro iure aut nisi aut.', '1976-07-21 12:50:42', '2009-04-22 21:08:59');
INSERT INTO `comments` (`id`, `user_id`, `post_id`, `comment`, `created_at`, `updated_at`) VALUES ('45', '91', '66', 'Quis est sit consequuntur fugit reiciendis culpa dolores sequi. Debitis voluptatum cumque amet quos aperiam. Tempore et et et iure officia quam.', '1999-04-05 17:13:38', '2004-12-09 12:17:43');
INSERT INTO `comments` (`id`, `user_id`, `post_id`, `comment`, `created_at`, `updated_at`) VALUES ('46', '75', '52', 'Omnis ducimus sunt ab rerum totam vero. Aspernatur laborum eos officiis non laboriosam inventore sed.', '1989-06-23 21:14:52', '1985-11-07 15:06:01');
INSERT INTO `comments` (`id`, `user_id`, `post_id`, `comment`, `created_at`, `updated_at`) VALUES ('47', '35', '86', 'Pariatur maiores eum nihil voluptas illum. Sit magnam dolore voluptas omnis. Aut saepe tenetur natus consectetur assumenda velit. Iusto ducimus quia ut voluptas. Aut consequatur culpa in ullam amet.', '1976-08-14 19:16:21', '2001-01-19 08:25:53');
INSERT INTO `comments` (`id`, `user_id`, `post_id`, `comment`, `created_at`, `updated_at`) VALUES ('48', '96', '6', 'Similique quaerat in aut. Sapiente ducimus asperiores ea. Deleniti architecto ut id deserunt fuga asperiores rerum. Maiores numquam itaque magni. Facilis eveniet placeat in aut quidem.', '1981-02-01 17:20:58', '1994-06-22 00:49:54');
INSERT INTO `comments` (`id`, `user_id`, `post_id`, `comment`, `created_at`, `updated_at`) VALUES ('49', '39', '58', 'Quia quae in pariatur exercitationem. Repudiandae sit illum laboriosam possimus quia omnis. Inventore provident incidunt totam sunt dolor accusamus dolor molestias.', '1977-08-23 23:49:22', '1983-05-09 12:05:30');
INSERT INTO `comments` (`id`, `user_id`, `post_id`, `comment`, `created_at`, `updated_at`) VALUES ('50', '13', '20', 'Itaque eum iure et sit. Animi fugit quae nemo nulla. Laudantium illo tempora nobis nobis ut recusandae et quas.', '1977-02-04 21:35:39', '1995-01-05 01:13:31');
INSERT INTO `comments` (`id`, `user_id`, `post_id`, `comment`, `created_at`, `updated_at`) VALUES ('51', '17', '20', 'Occaecati sunt sed facere et quaerat autem fugiat aliquid. Nisi esse quo aut quia exercitationem. Quae magnam repellendus est quis ab sit. Repellat est ut minus ut in ea totam.', '2008-12-19 06:22:53', '1988-05-10 11:08:59');
INSERT INTO `comments` (`id`, `user_id`, `post_id`, `comment`, `created_at`, `updated_at`) VALUES ('52', '3', '77', 'Necessitatibus quisquam excepturi est in sed magni aut. Quae et corporis doloribus quaerat debitis ut vitae rerum. Consequatur minima quod ut sed repudiandae et. Nostrum quasi exercitationem odio.', '2007-11-15 22:14:09', '1979-03-02 03:46:12');
INSERT INTO `comments` (`id`, `user_id`, `post_id`, `comment`, `created_at`, `updated_at`) VALUES ('53', '96', '49', 'Beatae aut expedita non debitis cumque maxime repudiandae. Ipsa amet rerum exercitationem nihil. Facilis dolorem voluptate veniam.', '1988-12-22 17:31:41', '2007-02-12 07:05:51');
INSERT INTO `comments` (`id`, `user_id`, `post_id`, `comment`, `created_at`, `updated_at`) VALUES ('54', '87', '41', 'Aut nemo et cupiditate quia velit possimus. At voluptas voluptate voluptatem ut soluta. Nisi et molestiae quibusdam exercitationem ullam non.', '2010-06-30 06:49:34', '1983-01-08 01:11:01');
INSERT INTO `comments` (`id`, `user_id`, `post_id`, `comment`, `created_at`, `updated_at`) VALUES ('55', '93', '62', 'Sunt odio quo iure fuga qui eaque quia. Enim facere quibusdam omnis dolor consectetur rem ea. Repellendus repudiandae nesciunt ipsam blanditiis accusamus explicabo magnam.', '2008-01-13 13:49:52', '1985-01-08 21:48:53');
INSERT INTO `comments` (`id`, `user_id`, `post_id`, `comment`, `created_at`, `updated_at`) VALUES ('56', '79', '19', 'Dolorem similique hic eos amet. Vel qui molestiae omnis aut. Et et eos et aut sit ex commodi quod. Aperiam molestiae earum repudiandae enim ut omnis.', '2006-06-01 02:06:14', '1974-10-12 20:03:56');
INSERT INTO `comments` (`id`, `user_id`, `post_id`, `comment`, `created_at`, `updated_at`) VALUES ('57', '67', '97', 'Doloribus porro aut nam reiciendis culpa natus exercitationem. Et et cumque vitae ab. Sed alias et est reiciendis rerum. Ut ab repellendus est excepturi aperiam voluptatum quo. Aliquid pariatur aut cum suscipit quam velit.', '2006-03-09 03:43:50', '2012-11-21 15:16:52');
INSERT INTO `comments` (`id`, `user_id`, `post_id`, `comment`, `created_at`, `updated_at`) VALUES ('58', '93', '73', 'Repellendus dolor occaecati dolores fugit fuga nam. Aspernatur ut ex consequatur qui et. Quasi ea hic laudantium quis molestias ea. Nisi tempore cum autem dignissimos.', '2000-02-09 19:01:30', '2017-01-20 05:14:25');
INSERT INTO `comments` (`id`, `user_id`, `post_id`, `comment`, `created_at`, `updated_at`) VALUES ('59', '37', '13', 'Assumenda voluptatibus unde id ducimus omnis et. Earum omnis et corporis recusandae. Cum qui eos voluptas illum.', '1990-01-05 10:03:45', '2000-01-24 09:04:18');
INSERT INTO `comments` (`id`, `user_id`, `post_id`, `comment`, `created_at`, `updated_at`) VALUES ('60', '73', '28', 'Reiciendis repellat provident sequi a. Nesciunt ut veritatis excepturi ab numquam quis laboriosam.', '1998-06-08 05:04:23', '1979-03-11 01:11:02');
INSERT INTO `comments` (`id`, `user_id`, `post_id`, `comment`, `created_at`, `updated_at`) VALUES ('61', '78', '47', 'Dolorum quo dolorem deserunt consequuntur iste. Autem voluptatum quas est in perferendis. Ut consequatur quia aut sequi minus. Cupiditate earum iste officia ex nesciunt sit.', '2000-11-20 22:47:49', '2016-11-25 22:32:27');
INSERT INTO `comments` (`id`, `user_id`, `post_id`, `comment`, `created_at`, `updated_at`) VALUES ('62', '79', '13', 'Maiores totam eos aut aut id. Itaque et et sapiente laboriosam recusandae. Facere libero in fugiat.', '1977-04-07 21:27:14', '2008-07-26 21:00:59');
INSERT INTO `comments` (`id`, `user_id`, `post_id`, `comment`, `created_at`, `updated_at`) VALUES ('63', '33', '75', 'Fuga consequuntur rerum impedit quia quia incidunt quis. Quis aperiam praesentium doloremque dicta voluptatum sint. Quo dicta reprehenderit vitae illo placeat. Eos rerum aperiam et qui aliquam.', '2017-02-26 19:46:38', '1977-10-20 18:29:24');
INSERT INTO `comments` (`id`, `user_id`, `post_id`, `comment`, `created_at`, `updated_at`) VALUES ('64', '18', '71', 'Ex ut praesentium magni animi aut. Fugiat aut et dolorem inventore consequatur. Soluta rerum consequatur vitae nulla dolore.', '2007-09-15 08:19:47', '1986-11-24 16:09:19');
INSERT INTO `comments` (`id`, `user_id`, `post_id`, `comment`, `created_at`, `updated_at`) VALUES ('65', '33', '31', 'Culpa labore rerum ut. Nesciunt reiciendis officiis molestiae ab voluptatibus modi omnis. Voluptatem cumque molestias temporibus aspernatur tenetur quibusdam. Vitae est blanditiis qui animi.', '1990-07-14 13:35:21', '2005-06-01 08:14:53');
INSERT INTO `comments` (`id`, `user_id`, `post_id`, `comment`, `created_at`, `updated_at`) VALUES ('66', '91', '50', 'Modi dolores cupiditate ea qui dolor. Tempore quibusdam assumenda dicta minus quis beatae. Quam maxime et maiores dicta qui quisquam sed. Ea quam suscipit iure est fugiat aut voluptas. Perferendis delectus voluptatem omnis exercitationem et et.', '2005-10-30 10:55:58', '2013-09-21 20:29:41');
INSERT INTO `comments` (`id`, `user_id`, `post_id`, `comment`, `created_at`, `updated_at`) VALUES ('67', '50', '93', 'Amet vitae doloremque similique illo. Aut rerum velit corrupti. Praesentium quia eligendi voluptates non vitae id.', '2013-10-18 06:47:10', '1987-05-18 22:14:16');
INSERT INTO `comments` (`id`, `user_id`, `post_id`, `comment`, `created_at`, `updated_at`) VALUES ('68', '26', '46', 'Harum illum aut ipsam nisi quam quis quia architecto. Ut reprehenderit odit ea explicabo voluptatem dicta accusantium. Placeat laborum voluptas necessitatibus minima pariatur aliquam et.', '1971-10-15 20:52:19', '2008-03-04 10:03:53');
INSERT INTO `comments` (`id`, `user_id`, `post_id`, `comment`, `created_at`, `updated_at`) VALUES ('69', '42', '13', 'Nam eligendi illo numquam nesciunt. Culpa et qui qui dolore repellat natus. Eius voluptatem dolores ab impedit deleniti eaque voluptatem velit. Consequatur occaecati quas sapiente est illo commodi. Placeat eum nisi excepturi hic dolorem omnis.', '2004-09-07 23:05:51', '1992-10-05 12:13:01');
INSERT INTO `comments` (`id`, `user_id`, `post_id`, `comment`, `created_at`, `updated_at`) VALUES ('70', '86', '35', 'Ut fugiat quasi doloremque veniam ut quia qui. Sit voluptatum molestias est omnis. Animi ut quasi provident debitis commodi. Animi repudiandae assumenda et dolorem deleniti aut.', '1990-02-28 15:01:16', '1970-07-14 17:19:59');
INSERT INTO `comments` (`id`, `user_id`, `post_id`, `comment`, `created_at`, `updated_at`) VALUES ('71', '74', '64', 'Qui molestias eaque modi aut aspernatur sint. Animi illum qui enim esse ipsum. Nesciunt eaque ad ut id enim doloremque.', '1981-03-15 01:08:30', '2011-04-02 10:09:29');
INSERT INTO `comments` (`id`, `user_id`, `post_id`, `comment`, `created_at`, `updated_at`) VALUES ('72', '53', '41', 'Tempora enim enim est aut. Quasi molestiae quaerat hic. Ea officiis recusandae voluptatibus amet.', '1980-05-02 23:41:34', '1976-01-27 21:47:22');
INSERT INTO `comments` (`id`, `user_id`, `post_id`, `comment`, `created_at`, `updated_at`) VALUES ('73', '60', '46', 'Alias velit enim repellendus. Architecto aut odio in tempora suscipit eligendi qui placeat. Illum et pariatur magni. Non non aut incidunt eaque qui voluptate.', '1975-11-12 14:23:12', '2006-05-28 07:21:08');
INSERT INTO `comments` (`id`, `user_id`, `post_id`, `comment`, `created_at`, `updated_at`) VALUES ('74', '13', '97', 'Alias consectetur dolore consectetur asperiores. Veritatis ducimus voluptas excepturi et incidunt rerum. Voluptas quia repellat omnis cum. Deleniti voluptatem sed est ratione maiores sed.', '1982-09-12 22:21:40', '1999-07-05 16:03:52');
INSERT INTO `comments` (`id`, `user_id`, `post_id`, `comment`, `created_at`, `updated_at`) VALUES ('75', '58', '85', 'Nulla et itaque a enim eaque expedita tenetur sed. Pariatur occaecati aut quia earum. Iusto et voluptatem fuga qui deleniti autem. Doloribus possimus sed libero quae id magni. Eveniet fuga debitis distinctio architecto at architecto laborum quia.', '2004-04-27 18:25:12', '2001-02-08 20:46:28');
INSERT INTO `comments` (`id`, `user_id`, `post_id`, `comment`, `created_at`, `updated_at`) VALUES ('76', '25', '36', 'Voluptatem sed reprehenderit omnis et enim minima. Ut voluptas veniam culpa nemo blanditiis cum quia. Doloribus velit qui autem.', '1990-11-30 01:42:49', '1983-11-03 01:55:55');
INSERT INTO `comments` (`id`, `user_id`, `post_id`, `comment`, `created_at`, `updated_at`) VALUES ('77', '31', '4', 'Minus aut quaerat rerum est tenetur. Alias impedit nemo nihil est reprehenderit magni. Tempora soluta voluptates dolores sit. Minima officia nobis illum dolores velit assumenda distinctio.', '2015-05-22 07:16:06', '2002-12-01 12:35:47');
INSERT INTO `comments` (`id`, `user_id`, `post_id`, `comment`, `created_at`, `updated_at`) VALUES ('78', '48', '63', 'Non provident aut consectetur ad ullam. Architecto aliquam veniam qui velit odio.', '1999-01-23 04:33:48', '1978-02-09 12:07:38');
INSERT INTO `comments` (`id`, `user_id`, `post_id`, `comment`, `created_at`, `updated_at`) VALUES ('79', '78', '66', 'Quos rerum est blanditiis quisquam doloremque sed labore. Vel ipsa sed est iure soluta. Veniam dignissimos ad corporis dolor non. Pariatur est et architecto corporis.', '2000-10-26 07:14:54', '2010-07-21 19:00:13');
INSERT INTO `comments` (`id`, `user_id`, `post_id`, `comment`, `created_at`, `updated_at`) VALUES ('80', '34', '11', 'Et maiores deserunt autem suscipit unde. Accusamus nisi consequatur amet eum accusantium at quia. Velit itaque omnis optio ab necessitatibus doloremque. Veritatis dolorem est est animi.', '1972-03-16 13:32:45', '2013-08-29 10:03:59');
INSERT INTO `comments` (`id`, `user_id`, `post_id`, `comment`, `created_at`, `updated_at`) VALUES ('81', '96', '25', 'Voluptatem eius voluptatibus quo. Et id molestiae veniam saepe quia minus quo. Et nulla velit illum est delectus.', '1979-05-16 18:31:53', '1976-10-01 00:34:01');
INSERT INTO `comments` (`id`, `user_id`, `post_id`, `comment`, `created_at`, `updated_at`) VALUES ('82', '60', '45', 'Ut harum sit eos atque fugit sed. Magnam porro cupiditate voluptatem pariatur provident. Est explicabo illo sit maiores est qui a. Ut natus sit nostrum fugit occaecati quis eum saepe.', '1981-09-26 18:43:12', '2013-10-30 04:22:37');
INSERT INTO `comments` (`id`, `user_id`, `post_id`, `comment`, `created_at`, `updated_at`) VALUES ('83', '17', '85', 'Ratione quisquam voluptas minus dolor doloribus. Nam deleniti et explicabo ut doloremque. Qui ipsa blanditiis quos consequatur et libero. Temporibus neque nobis doloribus molestias.', '1991-08-01 05:10:57', '1976-08-05 02:08:01');
INSERT INTO `comments` (`id`, `user_id`, `post_id`, `comment`, `created_at`, `updated_at`) VALUES ('84', '91', '58', 'Ut praesentium cupiditate blanditiis provident eos eaque officia reiciendis. Dolorum nihil et quam blanditiis expedita quia nihil. Suscipit consectetur soluta facere est.', '2006-09-24 15:33:40', '1991-06-05 09:43:26');
INSERT INTO `comments` (`id`, `user_id`, `post_id`, `comment`, `created_at`, `updated_at`) VALUES ('85', '98', '76', 'Veniam similique similique et sequi. Sequi recusandae nostrum numquam necessitatibus ut et quia placeat. Dolore placeat est molestiae magnam consequatur. Ab tempore quis dolores sit qui quia.', '2009-04-18 08:58:27', '1987-11-22 06:23:57');
INSERT INTO `comments` (`id`, `user_id`, `post_id`, `comment`, `created_at`, `updated_at`) VALUES ('86', '92', '72', 'Sit soluta voluptates sequi ipsum cum nihil. Itaque maxime veniam animi. Vero repudiandae et et nam molestiae doloremque. Facilis pariatur repellat itaque nobis.', '1992-10-09 00:43:19', '1977-04-21 05:00:18');
INSERT INTO `comments` (`id`, `user_id`, `post_id`, `comment`, `created_at`, `updated_at`) VALUES ('87', '40', '45', 'Voluptatem perspiciatis labore nostrum exercitationem. Voluptas repellat id maiores odit aliquid consequuntur autem autem. Ea sit odit qui fuga nostrum. Magni adipisci tempora necessitatibus non molestiae alias ducimus. Qui atque aut et quasi doloribus sint molestiae.', '2000-01-24 14:33:26', '1995-01-04 19:14:29');
INSERT INTO `comments` (`id`, `user_id`, `post_id`, `comment`, `created_at`, `updated_at`) VALUES ('88', '12', '100', 'Eum aliquid sit quia sapiente. Amet magnam minus itaque architecto corporis.', '1973-02-24 21:15:48', '1995-05-11 22:44:44');
INSERT INTO `comments` (`id`, `user_id`, `post_id`, `comment`, `created_at`, `updated_at`) VALUES ('89', '90', '25', 'Dolorem sint praesentium saepe vero. Voluptas ea quo consequatur. Nihil nihil porro commodi saepe.', '1979-07-15 14:00:37', '1994-03-14 21:19:52');
INSERT INTO `comments` (`id`, `user_id`, `post_id`, `comment`, `created_at`, `updated_at`) VALUES ('90', '97', '48', 'Perspiciatis voluptatibus rem vel neque. Eveniet perferendis magni possimus voluptatem corporis sit quia consequatur. Et velit ipsum aut facere et. Deleniti voluptates ut repellat quod similique quas.', '2005-06-04 22:24:50', '1971-12-03 09:44:47');
INSERT INTO `comments` (`id`, `user_id`, `post_id`, `comment`, `created_at`, `updated_at`) VALUES ('91', '9', '21', 'Quia laborum rerum eligendi molestias dicta. Aut sed id non fugiat sapiente. Voluptatem repudiandae expedita rerum perferendis quaerat. Magnam aperiam at quia inventore ab accusantium.', '2018-01-09 10:54:50', '1983-03-25 03:37:35');
INSERT INTO `comments` (`id`, `user_id`, `post_id`, `comment`, `created_at`, `updated_at`) VALUES ('92', '84', '40', 'Voluptas dolor non qui aut excepturi. Est sint animi earum culpa beatae optio. Sunt aliquam incidunt quod alias. Recusandae consequatur molestiae ut quia accusamus.', '1982-04-11 14:19:43', '2010-09-19 14:59:26');
INSERT INTO `comments` (`id`, `user_id`, `post_id`, `comment`, `created_at`, `updated_at`) VALUES ('93', '24', '31', 'Ea quis corrupti cupiditate voluptatum dolor saepe eius. Cupiditate optio ullam illum repudiandae voluptatum repudiandae rerum. Soluta aliquid quas iste.', '2014-01-02 04:46:50', '1994-10-08 09:13:49');
INSERT INTO `comments` (`id`, `user_id`, `post_id`, `comment`, `created_at`, `updated_at`) VALUES ('94', '3', '2', 'Quia rerum repellat quo ut aperiam. Sed nam fugiat optio aliquam. Iure qui consequatur dolorum perferendis. Cum et accusamus sit est eum.', '1994-05-12 17:45:40', '2012-02-26 13:24:34');
INSERT INTO `comments` (`id`, `user_id`, `post_id`, `comment`, `created_at`, `updated_at`) VALUES ('95', '97', '37', 'Dolore vero nulla vitae laboriosam labore consectetur voluptatem. Id aliquid qui impedit dolores vel. Praesentium magnam facere in libero explicabo commodi. Quia facere laudantium quia officia asperiores.', '1989-03-18 07:47:46', '2001-05-02 07:06:10');
INSERT INTO `comments` (`id`, `user_id`, `post_id`, `comment`, `created_at`, `updated_at`) VALUES ('96', '12', '92', 'Id eius aut praesentium quasi doloremque. Qui sit est voluptate vero rerum.', '1975-04-16 01:28:03', '1996-03-05 08:23:39');
INSERT INTO `comments` (`id`, `user_id`, `post_id`, `comment`, `created_at`, `updated_at`) VALUES ('97', '61', '71', 'Excepturi repudiandae aut voluptatem voluptatum. Voluptatum aut voluptatem consectetur voluptatem nostrum consequatur aut. Ipsum expedita veritatis illum maiores. Voluptatem consequatur dolores accusantium magnam voluptates aut. Eum placeat nostrum harum sunt nostrum fugit et et.', '1972-03-08 15:44:52', '1997-05-07 14:43:12');
INSERT INTO `comments` (`id`, `user_id`, `post_id`, `comment`, `created_at`, `updated_at`) VALUES ('98', '37', '77', 'Ad molestias officia qui distinctio architecto beatae. Natus eaque possimus incidunt aliquam. Rerum sed ut aut sunt distinctio rem.', '1997-11-18 03:35:19', '1976-11-12 23:46:42');
INSERT INTO `comments` (`id`, `user_id`, `post_id`, `comment`, `created_at`, `updated_at`) VALUES ('99', '56', '27', 'Aut voluptatem minus qui quae molestiae nisi. Aspernatur quia consequatur ipsa. Exercitationem aut repudiandae unde nemo debitis ullam.', '1992-09-10 13:50:42', '1975-07-05 16:53:15');
INSERT INTO `comments` (`id`, `user_id`, `post_id`, `comment`, `created_at`, `updated_at`) VALUES ('100', '34', '54', 'Omnis nemo quia commodi similique possimus qui. Corporis quam dolores est ipsam sed corporis modi. Omnis sequi fugiat sapiente fugiat qui vel maiores. Pariatur quia et qui cumque neque.', '1970-02-06 05:38:32', '1974-10-11 20:55:46');

INSERT INTO `photos` (`id`, `filename`, `user_id`, `description`, `created_at`) VALUES ('1', 'et', '18', 'Iste vel facilis corrupti commodi. Voluptatum voluptatem quo asperiores tenetur consequuntur. Quidem molestias est odio cumque autem qui. Harum maiores hic ipsam impedit nihil sint sed quod. Quia et animi dicta.', '2012-07-08 14:29:19');
INSERT INTO `photos` (`id`, `filename`, `user_id`, `description`, `created_at`) VALUES ('2', 'est', '17', 'Et similique laboriosam quod. Cupiditate id repellendus in vel ratione sint.', '1999-10-25 12:12:59');
INSERT INTO `photos` (`id`, `filename`, `user_id`, `description`, `created_at`) VALUES ('3', 'optio', '25', 'Suscipit earum cumque ut quo. Soluta quia cumque tempore consequatur. Est porro a quia ipsa repudiandae molestiae. Non odit dolorum dolores qui rerum asperiores assumenda.', '1993-06-02 13:52:13');
INSERT INTO `photos` (`id`, `filename`, `user_id`, `description`, `created_at`) VALUES ('4', 'corrupti', '37', 'Odio perferendis enim nulla. Iste sequi id odio provident harum ipsa voluptatem. Tempora exercitationem non sit laborum. Iure sit rerum atque excepturi.', '1983-10-11 14:43:16');
INSERT INTO `photos` (`id`, `filename`, `user_id`, `description`, `created_at`) VALUES ('5', 'ad', '10', 'Ducimus et ducimus vel iure quis. Consectetur consequatur accusamus asperiores fugiat est et occaecati. Impedit aliquam fugiat eveniet autem.', '2016-01-20 04:45:19');
INSERT INTO `photos` (`id`, `filename`, `user_id`, `description`, `created_at`) VALUES ('6', 'fugiat', '37', 'Aut corrupti autem enim officiis. Consequatur sit qui tenetur aut officia. Adipisci atque officiis non voluptas perferendis voluptatem porro.', '1993-05-26 10:29:24');
INSERT INTO `photos` (`id`, `filename`, `user_id`, `description`, `created_at`) VALUES ('7', 'exercitationem', '46', 'Sint nostrum et deleniti quis id. Quam aliquam quod totam magni vero vitae. Voluptas harum est et et similique corporis tempora amet. Libero voluptas ut et iusto error vel.', '1972-12-09 01:12:09');
INSERT INTO `photos` (`id`, `filename`, `user_id`, `description`, `created_at`) VALUES ('8', 'earum', '93', 'Quidem aliquam dignissimos rerum qui aut provident quis. Et aut quia sit culpa. Quod cupiditate culpa ut pariatur. Nisi aut porro suscipit consequatur magni.', '2013-02-07 15:40:13');
INSERT INTO `photos` (`id`, `filename`, `user_id`, `description`, `created_at`) VALUES ('9', 'commodi', '87', 'Harum ad reiciendis est eos. Iste eaque amet eius possimus eveniet ex neque. Commodi magnam quos quis laboriosam sed alias rerum. Aut sed quaerat et at. Doloremque totam soluta eos officia dolorum recusandae optio.', '2020-05-31 01:48:09');
INSERT INTO `photos` (`id`, `filename`, `user_id`, `description`, `created_at`) VALUES ('10', 'molestias', '3', 'Assumenda laboriosam deleniti molestiae a. Nobis cupiditate quae perferendis id est corporis sit laboriosam. Soluta ipsa voluptates ut. Velit cupiditate suscipit dolores modi impedit quia.', '2019-12-31 12:18:14');
INSERT INTO `photos` (`id`, `filename`, `user_id`, `description`, `created_at`) VALUES ('11', 'dolorem', '1', 'Repellendus nihil sit eaque quisquam explicabo corrupti. Aliquid magnam architecto iste et ipsa error quo. Quia ut minus consequatur quos.', '2008-01-13 11:20:24');
INSERT INTO `photos` (`id`, `filename`, `user_id`, `description`, `created_at`) VALUES ('12', 'maxime', '95', 'Molestiae et at accusamus at omnis consequuntur. Nostrum a quis ipsum voluptas soluta. Dolorem asperiores neque aut excepturi sequi explicabo.', '1976-04-26 14:30:20');
INSERT INTO `photos` (`id`, `filename`, `user_id`, `description`, `created_at`) VALUES ('13', 'eaque', '8', 'Reprehenderit itaque aut eos voluptatibus. Sit est id illum. Et rerum magni aliquid dolore quia soluta debitis. Consequatur qui facilis debitis nobis aut.', '2015-01-25 02:09:21');
INSERT INTO `photos` (`id`, `filename`, `user_id`, `description`, `created_at`) VALUES ('14', 'atque', '73', 'Dolorum in repellat consequatur quia aut ea ipsam reprehenderit. Quo laudantium rerum delectus dicta explicabo. Animi nesciunt impedit officia ut commodi et veniam.', '2005-10-09 13:48:36');
INSERT INTO `photos` (`id`, `filename`, `user_id`, `description`, `created_at`) VALUES ('15', 'ratione', '26', 'Eaque voluptas qui nam accusamus ut vel. Molestias iure non et quas quia sint et. Consequatur expedita ad molestiae laborum asperiores enim alias.', '1992-10-04 14:00:32');
INSERT INTO `photos` (`id`, `filename`, `user_id`, `description`, `created_at`) VALUES ('16', 'molestiae', '68', 'Laboriosam voluptate quo aspernatur. Qui asperiores possimus dolor assumenda. Aspernatur architecto officiis doloremque dolore.', '2003-12-19 14:06:48');
INSERT INTO `photos` (`id`, `filename`, `user_id`, `description`, `created_at`) VALUES ('17', 'incidunt', '65', 'Occaecati sit voluptas rerum sed iste consequatur ducimus. Et est vel et. Omnis sunt rerum et fugiat sequi natus. Ad aut porro quidem nam.', '1991-08-09 12:46:11');
INSERT INTO `photos` (`id`, `filename`, `user_id`, `description`, `created_at`) VALUES ('18', 'vel', '58', 'Iure iste fugiat officia sapiente porro. In inventore quis sit perspiciatis. Minus consequatur doloremque et dolor molestias quis totam consequatur.', '2018-05-20 14:16:21');
INSERT INTO `photos` (`id`, `filename`, `user_id`, `description`, `created_at`) VALUES ('19', 'ut', '81', 'Commodi provident rerum enim autem enim sint. Dolorum veritatis at dolores laboriosam aut. Nam repudiandae et laboriosam.', '1986-03-06 03:42:01');
INSERT INTO `photos` (`id`, `filename`, `user_id`, `description`, `created_at`) VALUES ('20', 'eum', '20', 'Esse aperiam praesentium id recusandae est. Sed deserunt rem doloribus est adipisci. Placeat veritatis in soluta.', '1987-04-29 17:59:47');
INSERT INTO `photos` (`id`, `filename`, `user_id`, `description`, `created_at`) VALUES ('21', 'unde', '19', 'Iusto dicta iste voluptatem fugiat aut. Tenetur dignissimos blanditiis recusandae nisi ut aut eaque. Asperiores id eos eos sequi suscipit sapiente eum. Expedita sit deserunt molestiae veritatis excepturi minima dolorum ut.', '2013-12-09 18:03:30');
INSERT INTO `photos` (`id`, `filename`, `user_id`, `description`, `created_at`) VALUES ('22', 'provident', '4', 'Saepe laboriosam ea aut autem blanditiis sed. Numquam blanditiis quam voluptas sunt architecto non. Et magnam dolores ipsam quisquam sunt.', '1998-02-20 03:42:05');
INSERT INTO `photos` (`id`, `filename`, `user_id`, `description`, `created_at`) VALUES ('23', 'aspernatur', '7', 'Omnis tenetur officiis necessitatibus voluptates repudiandae et alias. Neque dolorem illo beatae error ad reiciendis consequuntur itaque. In est ratione inventore temporibus quae.', '1970-12-13 18:32:04');
INSERT INTO `photos` (`id`, `filename`, `user_id`, `description`, `created_at`) VALUES ('24', 'odio', '66', 'In nesciunt labore excepturi reiciendis delectus occaecati tenetur sint. Adipisci sit laborum quia vero. Consectetur culpa sit cupiditate in deleniti. Optio quis aut voluptatum eum. Quia nemo recusandae vel incidunt amet cum.', '1978-12-23 00:17:18');
INSERT INTO `photos` (`id`, `filename`, `user_id`, `description`, `created_at`) VALUES ('25', 'fugit', '68', 'Perspiciatis rerum nam et iste cumque cum maxime. Libero aperiam numquam numquam maxime ullam. Officia non repudiandae reiciendis nobis eius qui quia.', '2005-11-01 08:32:03');
INSERT INTO `photos` (`id`, `filename`, `user_id`, `description`, `created_at`) VALUES ('26', 'laboriosam', '45', 'Est minus soluta officia sit commodi consequuntur repellendus laudantium. Facilis perspiciatis non et distinctio eius repellendus.', '2004-09-11 07:57:25');
INSERT INTO `photos` (`id`, `filename`, `user_id`, `description`, `created_at`) VALUES ('27', 'ex', '26', 'Et expedita quia saepe magnam accusamus. Consequatur et temporibus accusamus quaerat. Aliquam quod pariatur alias dolor expedita. Nesciunt aspernatur et error qui ut sapiente laudantium.', '1985-08-19 12:39:21');
INSERT INTO `photos` (`id`, `filename`, `user_id`, `description`, `created_at`) VALUES ('28', 'quo', '66', 'Voluptatem sed fugit et voluptatibus maiores eos dicta. Illo ut ut dolorum vel consequuntur eaque ratione. Voluptatem voluptatem molestiae est voluptates dignissimos voluptatem veritatis. Nulla repudiandae ut voluptates eos consequatur enim.', '1998-05-13 13:38:54');
INSERT INTO `photos` (`id`, `filename`, `user_id`, `description`, `created_at`) VALUES ('29', 'sed', '44', 'Voluptatem omnis distinctio quia fugit dolorem. Officia ipsam sed ea voluptatibus praesentium dolor non. Odio ipsum earum nemo sed quo.', '1976-09-06 05:06:54');
INSERT INTO `photos` (`id`, `filename`, `user_id`, `description`, `created_at`) VALUES ('30', 'mollitia', '37', 'Distinctio ratione in iure reprehenderit. Quod ab ab consectetur et in. Libero nemo eius quam. Consequuntur sapiente quos modi autem.', '2007-10-09 16:27:30');
INSERT INTO `photos` (`id`, `filename`, `user_id`, `description`, `created_at`) VALUES ('31', 'a', '90', 'Tenetur vel a et quia enim reiciendis. Deleniti explicabo a qui explicabo tempore. Quis blanditiis ut cumque tenetur veniam enim assumenda. Odit unde voluptas quis eaque nisi quis non culpa.', '2007-07-11 05:15:07');
INSERT INTO `photos` (`id`, `filename`, `user_id`, `description`, `created_at`) VALUES ('32', 'omnis', '61', 'Eligendi maiores rem sed. Perferendis aliquid dolorem dolor blanditiis vero atque exercitationem ut. Assumenda et nemo ratione maiores et qui cum.', '1984-09-07 04:52:08');
INSERT INTO `photos` (`id`, `filename`, `user_id`, `description`, `created_at`) VALUES ('33', 'eius', '53', 'Eos similique quia doloremque voluptate. Omnis saepe nostrum temporibus culpa autem ratione molestiae. Ea quasi omnis est consectetur est. Natus in voluptate quia voluptatibus aut. Eos sit nisi praesentium eum laudantium delectus.', '2016-01-14 23:28:16');
INSERT INTO `photos` (`id`, `filename`, `user_id`, `description`, `created_at`) VALUES ('34', 'adipisci', '15', 'Est itaque quas excepturi et omnis labore. Ducimus cupiditate mollitia aperiam consequuntur optio distinctio omnis. Ipsa error libero optio doloribus beatae voluptatem sint.', '1979-12-18 08:04:15');
INSERT INTO `photos` (`id`, `filename`, `user_id`, `description`, `created_at`) VALUES ('35', 'quia', '98', 'Nam porro quod sit. Assumenda at ratione numquam nihil enim. Tempore omnis praesentium impedit iusto aut a.', '1975-05-21 05:46:24');
INSERT INTO `photos` (`id`, `filename`, `user_id`, `description`, `created_at`) VALUES ('36', 'nulla', '62', 'Laborum aspernatur exercitationem deserunt nemo. Soluta dolor qui tempore quasi consectetur omnis iste aspernatur. Qui quo tenetur eius provident inventore velit alias.', '2011-06-11 12:29:16');
INSERT INTO `photos` (`id`, `filename`, `user_id`, `description`, `created_at`) VALUES ('37', 'quae', '51', 'Rerum repellat beatae atque deserunt mollitia sequi. Ab corrupti quas vel voluptates qui. Sapiente tenetur aliquam officiis velit consequuntur ea amet. Laudantium quod non eaque cumque at animi saepe.', '2000-02-27 00:23:32');
INSERT INTO `photos` (`id`, `filename`, `user_id`, `description`, `created_at`) VALUES ('38', 'amet', '44', 'Quidem optio eius voluptas unde laborum delectus eius similique. Officiis sit velit est dolorem. Voluptatum rem quia harum consectetur quis.', '2004-12-19 19:02:35');
INSERT INTO `photos` (`id`, `filename`, `user_id`, `description`, `created_at`) VALUES ('39', 'dignissimos', '54', 'Ut quos ipsa vel qui quidem. Dolor saepe similique minima in ut asperiores. Eos voluptas quo dolorem asperiores fugit vitae aliquam.', '1977-03-16 13:28:59');
INSERT INTO `photos` (`id`, `filename`, `user_id`, `description`, `created_at`) VALUES ('40', 'reprehenderit', '37', 'Est facere atque ad dolores cumque quia ut. Fugit praesentium et in ipsam tempora omnis voluptatibus deserunt. Fugit et maiores est et est. Qui quia fuga deleniti et quae et exercitationem consectetur. Perferendis et vitae consectetur ut commodi fugiat assumenda.', '1983-12-09 23:57:14');
INSERT INTO `photos` (`id`, `filename`, `user_id`, `description`, `created_at`) VALUES ('41', 'architecto', '46', 'Ut dolorem tempore aut sint. Perspiciatis nobis illo quidem suscipit quibusdam eius. Et rem deleniti ut. Mollitia id enim quia vitae est nam hic rerum.', '1991-02-03 14:13:14');
INSERT INTO `photos` (`id`, `filename`, `user_id`, `description`, `created_at`) VALUES ('42', 'eligendi', '54', 'Hic necessitatibus officia eum fuga ut. Ut sit sit modi unde libero. Laudantium ipsum alias quisquam recusandae. Officia quia iusto aspernatur suscipit quos. Ea cumque cumque cumque dolor est qui.', '1992-07-10 02:39:46');
INSERT INTO `photos` (`id`, `filename`, `user_id`, `description`, `created_at`) VALUES ('43', 'sunt', '32', 'Enim et debitis tempore qui corporis. Autem dolor consectetur id maiores. Blanditiis voluptatibus cum cum.', '1988-01-08 07:32:49');
INSERT INTO `photos` (`id`, `filename`, `user_id`, `description`, `created_at`) VALUES ('44', 'praesentium', '53', 'Et nostrum nihil rerum. Minima est in quod nostrum voluptates non sit.', '1984-07-31 07:03:08');
INSERT INTO `photos` (`id`, `filename`, `user_id`, `description`, `created_at`) VALUES ('45', 'itaque', '27', 'Tenetur suscipit unde nostrum enim. Iusto vero repudiandae fuga eum at velit. Voluptates mollitia enim error dolorem doloribus est deleniti aliquam. Accusamus sint culpa numquam molestiae qui molestias beatae.', '2015-01-20 01:51:23');
INSERT INTO `photos` (`id`, `filename`, `user_id`, `description`, `created_at`) VALUES ('46', 'modi', '58', 'Voluptatem natus beatae harum corrupti consequatur ullam est. Sequi neque nemo nostrum excepturi. Iste dolor enim nemo dolor.', '1990-02-23 16:07:34');
INSERT INTO `photos` (`id`, `filename`, `user_id`, `description`, `created_at`) VALUES ('47', 'sit', '21', 'Expedita possimus laudantium cupiditate adipisci. Quos ea vitae harum dolore. Assumenda ut quasi necessitatibus nam sapiente quod.', '1972-10-02 08:12:36');
INSERT INTO `photos` (`id`, `filename`, `user_id`, `description`, `created_at`) VALUES ('48', 'culpa', '91', 'Est doloribus nostrum deleniti impedit. Commodi earum quia tempora est odio. Voluptatem blanditiis pariatur magni.', '2017-09-04 16:28:01');
INSERT INTO `photos` (`id`, `filename`, `user_id`, `description`, `created_at`) VALUES ('49', 'nisi', '15', 'Eos sit deleniti inventore dolorem corporis commodi. Ut illo dolore debitis non quo excepturi non vel. Quia rerum quam possimus quaerat.', '2003-04-01 20:21:30');
INSERT INTO `photos` (`id`, `filename`, `user_id`, `description`, `created_at`) VALUES ('50', 'aut', '2', 'Laborum facere similique eos non omnis. Vitae repellat illum quisquam qui. Ipsum molestiae ut nostrum at itaque quidem. Qui ratione ea autem autem necessitatibus quibusdam.', '2002-11-03 17:52:35');
INSERT INTO `photos` (`id`, `filename`, `user_id`, `description`, `created_at`) VALUES ('51', 'voluptatem', '10', 'Beatae quaerat delectus culpa. Ut aliquid sint nesciunt qui quo non. Commodi molestias fuga distinctio. Eos voluptas eligendi molestiae quo rerum.', '2005-07-16 03:20:35');
INSERT INTO `photos` (`id`, `filename`, `user_id`, `description`, `created_at`) VALUES ('52', 'odit', '33', 'Sit et quo debitis vitae laudantium quia. Provident in sed sunt minima. Ipsam ea et magni aut. Dolorum est expedita est labore ea ut voluptas.', '2006-05-19 18:02:12');
INSERT INTO `photos` (`id`, `filename`, `user_id`, `description`, `created_at`) VALUES ('53', 'aliquid', '6', 'Enim sit aliquam adipisci sit voluptatibus deserunt. Iusto officiis qui sed voluptatum pariatur. Voluptatibus et consectetur esse quis.', '1999-07-01 12:34:31');
INSERT INTO `photos` (`id`, `filename`, `user_id`, `description`, `created_at`) VALUES ('54', 'voluptas', '17', 'Distinctio quo accusamus facere recusandae voluptates dolores. Modi omnis itaque inventore similique maiores. Quo sapiente suscipit ut qui voluptas. Itaque ea ab nihil voluptas vero qui qui officia.', '1977-12-07 08:31:34');
INSERT INTO `photos` (`id`, `filename`, `user_id`, `description`, `created_at`) VALUES ('55', 'laborum', '99', 'Autem nihil impedit soluta sunt. Eos ut esse libero molestiae iusto et. Commodi esse sit a cumque.', '1991-05-02 10:01:35');
INSERT INTO `photos` (`id`, `filename`, `user_id`, `description`, `created_at`) VALUES ('56', 'voluptate', '73', 'Non repellat accusantium quis nostrum omnis reiciendis. Vitae dignissimos nihil nostrum pariatur. Suscipit reprehenderit deserunt sed in voluptatem quia. Beatae dolore sunt id omnis voluptatem sapiente. Magni quia id voluptatibus necessitatibus et.', '2003-06-22 10:55:45');
INSERT INTO `photos` (`id`, `filename`, `user_id`, `description`, `created_at`) VALUES ('57', 'dolor', '61', 'Dolorum ut eius assumenda vel. Excepturi enim esse nisi laboriosam harum dicta perspiciatis. Itaque id inventore consequatur qui ea.', '1976-09-30 05:18:16');
INSERT INTO `photos` (`id`, `filename`, `user_id`, `description`, `created_at`) VALUES ('58', 'aperiam', '25', 'Molestiae officia esse voluptatum voluptas architecto dolore. Sint et adipisci dolor at est provident.', '2002-11-30 13:33:30');
INSERT INTO `photos` (`id`, `filename`, `user_id`, `description`, `created_at`) VALUES ('59', 'non', '39', 'Corrupti commodi quaerat aut unde et sequi explicabo. Minima consequatur consequatur porro soluta omnis praesentium quibusdam. Cumque hic aliquid maxime non sint debitis sed. Hic fuga quis in.', '1995-05-17 18:24:52');
INSERT INTO `photos` (`id`, `filename`, `user_id`, `description`, `created_at`) VALUES ('60', 'illum', '5', 'Quas accusantium aut magnam voluptatum quo rerum saepe. Rerum sit iure rerum molestiae ullam soluta. Ut dicta nisi qui quo et totam officiis.', '2016-10-10 01:43:32');
INSERT INTO `photos` (`id`, `filename`, `user_id`, `description`, `created_at`) VALUES ('61', 'dolores', '61', 'Dolores officiis voluptatem iste dicta est sapiente. Dolorem qui sed alias veritatis. Rerum voluptatem aliquam minima aut. Placeat nihil laudantium ducimus adipisci distinctio explicabo.', '2004-04-13 02:36:15');
INSERT INTO `photos` (`id`, `filename`, `user_id`, `description`, `created_at`) VALUES ('62', 'consectetur', '28', 'Veritatis sunt dolorem temporibus. Molestiae ad et quo amet quisquam. Dolor ducimus nemo blanditiis dolorem ut itaque totam.', '1978-10-21 10:36:06');
INSERT INTO `photos` (`id`, `filename`, `user_id`, `description`, `created_at`) VALUES ('63', 'quidem', '66', 'Nisi omnis enim sed perferendis. Molestias esse mollitia at odio blanditiis et modi. Voluptate quam quam iste eos maiores quam ab. Quo accusamus et officia tempore fugiat sed. Illum id cupiditate voluptatem et voluptatibus quis.', '1998-07-27 03:40:17');
INSERT INTO `photos` (`id`, `filename`, `user_id`, `description`, `created_at`) VALUES ('64', 'perspiciatis', '13', 'Pariatur voluptas minus minus. Est consequatur libero voluptates quis laudantium ipsa aut. Dignissimos esse est sed blanditiis explicabo et neque labore.', '1998-05-03 20:08:00');
INSERT INTO `photos` (`id`, `filename`, `user_id`, `description`, `created_at`) VALUES ('65', 'qui', '43', 'Atque molestias iure voluptatem dolorum molestiae qui. Officia eveniet quis eius asperiores dignissimos accusantium explicabo. Possimus ut dignissimos itaque animi. Aut quia rerum incidunt est deleniti deleniti.', '2012-09-22 22:46:05');
INSERT INTO `photos` (`id`, `filename`, `user_id`, `description`, `created_at`) VALUES ('66', 'neque', '64', 'Quo cumque eum vero minus quam tempore pariatur. Unde inventore a ut nostrum odit maiores. Nihil et asperiores est facere unde.', '1986-09-26 16:23:49');
INSERT INTO `photos` (`id`, `filename`, `user_id`, `description`, `created_at`) VALUES ('67', 'repudiandae', '74', 'Quisquam iure quia praesentium temporibus. Sunt ipsum dolor culpa omnis iusto non tempora. Voluptatem ipsum non qui eum est quos. Doloribus illo est ad repellendus.', '1986-02-12 05:58:34');
INSERT INTO `photos` (`id`, `filename`, `user_id`, `description`, `created_at`) VALUES ('68', 'minima', '94', 'Et accusamus autem eveniet voluptate deleniti laborum. Sequi esse similique nobis. Similique impedit amet incidunt iure in natus quam. Omnis quam aliquam non et.', '1986-06-27 22:02:03');
INSERT INTO `photos` (`id`, `filename`, `user_id`, `description`, `created_at`) VALUES ('69', 'quasi', '7', 'Recusandae impedit atque animi voluptatum qui. Minima perspiciatis tempore velit magnam aut repudiandae beatae dolor. Autem quia sed neque.', '1977-01-26 16:17:28');
INSERT INTO `photos` (`id`, `filename`, `user_id`, `description`, `created_at`) VALUES ('70', 'hic', '28', 'Sed eveniet quam molestias voluptatem. Et autem molestias inventore. Pariatur tenetur occaecati fuga aut.', '2006-10-31 07:34:35');
INSERT INTO `photos` (`id`, `filename`, `user_id`, `description`, `created_at`) VALUES ('71', 'nam', '31', 'Voluptas quisquam dolores pariatur nulla hic. Vel nostrum totam et nesciunt dolorem quia possimus. Est in omnis animi vel ipsa.', '1970-08-13 11:18:06');
INSERT INTO `photos` (`id`, `filename`, `user_id`, `description`, `created_at`) VALUES ('72', 'occaecati', '52', 'Omnis laborum impedit ea. Non ex at expedita est. Dolores aut laborum sed a sint omnis ut.', '1979-02-16 00:16:15');
INSERT INTO `photos` (`id`, `filename`, `user_id`, `description`, `created_at`) VALUES ('73', 'similique', '82', 'Praesentium hic in saepe velit nisi nihil est. Vero nihil quibusdam fugit id et quod illum.', '1971-10-16 04:10:05');
INSERT INTO `photos` (`id`, `filename`, `user_id`, `description`, `created_at`) VALUES ('74', 'ea', '62', 'Blanditiis dolorum delectus ea ad et magnam. Et ea sint corrupti quae dolor quisquam. Accusamus excepturi aliquam dolores est perferendis delectus. Quidem a eos cum magnam.', '1980-11-15 21:44:18');
INSERT INTO `photos` (`id`, `filename`, `user_id`, `description`, `created_at`) VALUES ('75', 'doloremque', '5', 'Ullam non velit quo necessitatibus accusamus. Qui aliquam veritatis quo voluptates natus quam. Nemo ipsam ut sunt eligendi. Laborum sequi accusamus perspiciatis ullam est at error. Cumque quod adipisci suscipit velit.', '2004-10-14 21:58:08');
INSERT INTO `photos` (`id`, `filename`, `user_id`, `description`, `created_at`) VALUES ('76', 'accusamus', '8', 'Et aspernatur et non autem autem eum et rerum. Reprehenderit quisquam assumenda dignissimos. Similique molestias in quia facilis molestiae.', '1978-05-04 00:29:10');
INSERT INTO `photos` (`id`, `filename`, `user_id`, `description`, `created_at`) VALUES ('77', 'sequi', '19', 'Tempore unde dolores laboriosam praesentium. Non harum unde doloremque aut eaque.', '2000-04-16 09:16:50');
INSERT INTO `photos` (`id`, `filename`, `user_id`, `description`, `created_at`) VALUES ('78', 'deleniti', '26', 'Quia eveniet aut eius aut. Nobis voluptates ea voluptatem minima aut eum ullam ipsum. Sunt dolor eligendi corporis molestiae. Explicabo cumque maiores commodi quaerat molestias voluptatem necessitatibus eos.', '1992-10-18 14:26:56');
INSERT INTO `photos` (`id`, `filename`, `user_id`, `description`, `created_at`) VALUES ('79', 'repellat', '98', 'Eius veritatis totam quibusdam facere et enim est. Quidem deleniti vitae ut aut voluptatibus commodi aliquam. Expedita incidunt sapiente et magni.', '2006-03-21 17:52:06');
INSERT INTO `photos` (`id`, `filename`, `user_id`, `description`, `created_at`) VALUES ('80', 'rerum', '33', 'Nesciunt qui sit consequuntur voluptatem non ut et. Rerum est illo magni enim. Blanditiis voluptatem culpa voluptates ut velit a qui. Et sint dicta a aut commodi.', '2011-10-20 16:48:33');
INSERT INTO `photos` (`id`, `filename`, `user_id`, `description`, `created_at`) VALUES ('81', 'eveniet', '27', 'Quasi ut rerum officiis voluptates velit blanditiis. Sunt saepe quo ab ratione quos dolorem. Sit pariatur beatae itaque aut et ut sit. Sed ut saepe maxime ipsa.', '1976-09-20 22:38:35');
INSERT INTO `photos` (`id`, `filename`, `user_id`, `description`, `created_at`) VALUES ('82', 'consequuntur', '8', 'Cupiditate nulla qui dolor ut et aspernatur. Eos et dicta nostrum omnis magni. Labore voluptas reiciendis deserunt quaerat doloribus ut sed. Est qui autem sapiente blanditiis ducimus.', '2003-08-01 11:14:56');
INSERT INTO `photos` (`id`, `filename`, `user_id`, `description`, `created_at`) VALUES ('83', 'expedita', '66', 'In eum consequuntur error occaecati illum vitae. Dolor at velit omnis culpa voluptatum fuga. Dolorem qui quia nulla ratione reprehenderit repellendus quidem.', '1990-06-24 05:08:03');
INSERT INTO `photos` (`id`, `filename`, `user_id`, `description`, `created_at`) VALUES ('84', 'id', '33', 'Consectetur dicta mollitia occaecati vel deleniti. Aperiam autem blanditiis ratione labore. Velit commodi porro omnis autem illum corporis dolorem nihil. Consequuntur consequatur qui a aliquid nihil quis. Sunt omnis alias iste est.', '1999-12-31 18:43:10');
INSERT INTO `photos` (`id`, `filename`, `user_id`, `description`, `created_at`) VALUES ('85', 'doloribus', '24', 'Accusamus saepe vitae odit iste quae minima ut. Nam corrupti molestiae consequatur nostrum laborum aliquid. A aut mollitia quidem earum. Veniam quisquam rem et totam nihil.', '2012-07-12 09:33:44');
INSERT INTO `photos` (`id`, `filename`, `user_id`, `description`, `created_at`) VALUES ('86', 'fuga', '64', 'Velit excepturi aut minima similique accusantium cupiditate enim molestiae. Quas sequi deserunt ea ea. Explicabo dolor et mollitia eveniet quo. Quo vel voluptate ipsa dolores architecto ea.', '1993-08-07 04:31:05');
INSERT INTO `photos` (`id`, `filename`, `user_id`, `description`, `created_at`) VALUES ('87', 'inventore', '5', 'Eum cupiditate vitae expedita facere est in. Minus aut dolorem quia. Ut molestias quo consequatur quae suscipit. Sint eos et et autem.', '2017-01-17 01:35:39');
INSERT INTO `photos` (`id`, `filename`, `user_id`, `description`, `created_at`) VALUES ('88', 'accusantium', '85', 'Sunt ut voluptatem vel exercitationem nesciunt. Ut distinctio nemo consequuntur earum. Error qui et cupiditate quo doloremque.', '1975-05-29 15:52:02');
INSERT INTO `photos` (`id`, `filename`, `user_id`, `description`, `created_at`) VALUES ('89', 'ducimus', '88', 'Animi necessitatibus ut facere sed laborum enim deleniti dicta. Illum voluptatem et expedita rem quae et. In quibusdam vel veniam natus nulla at ea. Impedit et tenetur recusandae deserunt et autem at.', '1991-10-29 09:03:49');
INSERT INTO `photos` (`id`, `filename`, `user_id`, `description`, `created_at`) VALUES ('90', 'quas', '43', 'Voluptatem sed velit ea vero accusantium nisi delectus nam. Aut voluptas ut reiciendis hic quisquam ut. Error maxime in illum consequuntur. Vel et tempore fuga eum.', '1970-01-27 09:55:13');
INSERT INTO `photos` (`id`, `filename`, `user_id`, `description`, `created_at`) VALUES ('91', 'dolore', '89', 'Autem ducimus consequatur consequatur aut. Modi minima inventore pariatur quo dicta molestias nulla. Accusantium sapiente qui animi consectetur facilis et. Officia sint nemo consequatur minima possimus inventore culpa.', '2003-07-04 13:02:21');
INSERT INTO `photos` (`id`, `filename`, `user_id`, `description`, `created_at`) VALUES ('92', 'aliquam', '49', 'Earum dolorum inventore dicta maxime praesentium corrupti. Unde provident a ratione exercitationem doloribus ea aut. Nisi dolores veniam debitis quia. Quasi qui eum unde laudantium.', '2016-10-19 10:22:14');
INSERT INTO `photos` (`id`, `filename`, `user_id`, `description`, `created_at`) VALUES ('93', 'minus', '71', 'Quia accusamus nihil numquam minima. Omnis aut a mollitia possimus rem ut. Placeat qui est sit expedita ipsum.', '2007-03-01 00:33:48');
INSERT INTO `photos` (`id`, `filename`, `user_id`, `description`, `created_at`) VALUES ('94', 'ab', '55', 'Iste possimus reiciendis laboriosam ea enim. Cum illo fugiat et odit. In iusto minima veritatis odio atque.', '1993-12-26 23:02:27');
INSERT INTO `photos` (`id`, `filename`, `user_id`, `description`, `created_at`) VALUES ('95', 'quaerat', '61', 'Itaque vero minus est neque laborum. Et voluptas rerum ab fuga. Hic atque aut in possimus. Eius illum odit et rerum.', '1999-10-15 08:15:09');
INSERT INTO `photos` (`id`, `filename`, `user_id`, `description`, `created_at`) VALUES ('96', 'cumque', '13', 'Et vel corporis sit est ea inventore reprehenderit. Autem earum recusandae pariatur sunt rerum possimus et. Quia quia provident in enim.', '1971-06-02 14:19:48');
INSERT INTO `photos` (`id`, `filename`, `user_id`, `description`, `created_at`) VALUES ('97', 'at', '18', 'Voluptatem fugiat perspiciatis qui veniam. Et enim quibusdam aut sint et tempora eveniet. Nemo saepe odit sint laudantium id.', '1987-06-06 19:38:33');
INSERT INTO `photos` (`id`, `filename`, `user_id`, `description`, `created_at`) VALUES ('98', 'impedit', '35', 'Et enim voluptas omnis quis voluptatibus. Quas nemo molestiae possimus. Non optio aliquam id nostrum amet molestiae. Sint quae nemo quidem aut.', '1991-05-22 00:22:38');
INSERT INTO `photos` (`id`, `filename`, `user_id`, `description`, `created_at`) VALUES ('99', 'libero', '6', 'Suscipit quia provident fuga quasi optio aspernatur qui. Illo quis deserunt pariatur. Tempora voluptatibus sunt velit.', '2009-01-26 11:22:31');
INSERT INTO `photos` (`id`, `filename`, `user_id`, `description`, `created_at`) VALUES ('100', 'harum', '24', 'Voluptatem ipsam qui cupiditate soluta praesentium. Qui dignissimos magni quam. Qui pariatur nam iure et quia.', '2001-11-12 21:56:42');


INSERT INTO `like_comments` (`id`, `user_id`, `comments_id`, `add_like`) VALUES ('1', '34', '11', 1);
INSERT INTO `like_comments` (`id`, `user_id`, `comments_id`, `add_like`) VALUES ('2', '75', '77', 1);
INSERT INTO `like_comments` (`id`, `user_id`, `comments_id`, `add_like`) VALUES ('3', '44', '1', 1);
INSERT INTO `like_comments` (`id`, `user_id`, `comments_id`, `add_like`) VALUES ('4', '30', '100', 1);
INSERT INTO `like_comments` (`id`, `user_id`, `comments_id`, `add_like`) VALUES ('5', '77', '3', 0);
INSERT INTO `like_comments` (`id`, `user_id`, `comments_id`, `add_like`) VALUES ('6', '96', '47', 1);
INSERT INTO `like_comments` (`id`, `user_id`, `comments_id`, `add_like`) VALUES ('7', '61', '17', 0);
INSERT INTO `like_comments` (`id`, `user_id`, `comments_id`, `add_like`) VALUES ('8', '81', '10', 1);
INSERT INTO `like_comments` (`id`, `user_id`, `comments_id`, `add_like`) VALUES ('9', '95', '99', 1);
INSERT INTO `like_comments` (`id`, `user_id`, `comments_id`, `add_like`) VALUES ('10', '92', '80', 1);
INSERT INTO `like_comments` (`id`, `user_id`, `comments_id`, `add_like`) VALUES ('11', '3', '44', 1);
INSERT INTO `like_comments` (`id`, `user_id`, `comments_id`, `add_like`) VALUES ('12', '20', '36', 1);
INSERT INTO `like_comments` (`id`, `user_id`, `comments_id`, `add_like`) VALUES ('13', '18', '36', 1);
INSERT INTO `like_comments` (`id`, `user_id`, `comments_id`, `add_like`) VALUES ('14', '5', '87', 1);
INSERT INTO `like_comments` (`id`, `user_id`, `comments_id`, `add_like`) VALUES ('15', '1', '97', 1);
INSERT INTO `like_comments` (`id`, `user_id`, `comments_id`, `add_like`) VALUES ('16', '40', '34', 0);
INSERT INTO `like_comments` (`id`, `user_id`, `comments_id`, `add_like`) VALUES ('17', '7', '14', 0);
INSERT INTO `like_comments` (`id`, `user_id`, `comments_id`, `add_like`) VALUES ('18', '11', '51', 0);
INSERT INTO `like_comments` (`id`, `user_id`, `comments_id`, `add_like`) VALUES ('19', '15', '40', 0);
INSERT INTO `like_comments` (`id`, `user_id`, `comments_id`, `add_like`) VALUES ('20', '50', '91', 1);
INSERT INTO `like_comments` (`id`, `user_id`, `comments_id`, `add_like`) VALUES ('21', '42', '46', 0);
INSERT INTO `like_comments` (`id`, `user_id`, `comments_id`, `add_like`) VALUES ('22', '38', '3', 0);
INSERT INTO `like_comments` (`id`, `user_id`, `comments_id`, `add_like`) VALUES ('23', '62', '19', 0);
INSERT INTO `like_comments` (`id`, `user_id`, `comments_id`, `add_like`) VALUES ('24', '12', '57', 1);
INSERT INTO `like_comments` (`id`, `user_id`, `comments_id`, `add_like`) VALUES ('25', '18', '3', 1);
INSERT INTO `like_comments` (`id`, `user_id`, `comments_id`, `add_like`) VALUES ('26', '36', '20', 0);
INSERT INTO `like_comments` (`id`, `user_id`, `comments_id`, `add_like`) VALUES ('27', '46', '55', 1);
INSERT INTO `like_comments` (`id`, `user_id`, `comments_id`, `add_like`) VALUES ('28', '56', '64', 1);
INSERT INTO `like_comments` (`id`, `user_id`, `comments_id`, `add_like`) VALUES ('29', '91', '60', 0);
INSERT INTO `like_comments` (`id`, `user_id`, `comments_id`, `add_like`) VALUES ('30', '50', '92', 1);
INSERT INTO `like_comments` (`id`, `user_id`, `comments_id`, `add_like`) VALUES ('31', '56', '90', 0);
INSERT INTO `like_comments` (`id`, `user_id`, `comments_id`, `add_like`) VALUES ('32', '25', '62', 1);
INSERT INTO `like_comments` (`id`, `user_id`, `comments_id`, `add_like`) VALUES ('33', '4', '35', 1);
INSERT INTO `like_comments` (`id`, `user_id`, `comments_id`, `add_like`) VALUES ('34', '12', '18', 1);
INSERT INTO `like_comments` (`id`, `user_id`, `comments_id`, `add_like`) VALUES ('35', '75', '62', 1);
INSERT INTO `like_comments` (`id`, `user_id`, `comments_id`, `add_like`) VALUES ('36', '9', '16', 0);
INSERT INTO `like_comments` (`id`, `user_id`, `comments_id`, `add_like`) VALUES ('37', '7', '46', 1);
INSERT INTO `like_comments` (`id`, `user_id`, `comments_id`, `add_like`) VALUES ('38', '18', '69', 0);
INSERT INTO `like_comments` (`id`, `user_id`, `comments_id`, `add_like`) VALUES ('39', '64', '30', 1);
INSERT INTO `like_comments` (`id`, `user_id`, `comments_id`, `add_like`) VALUES ('40', '25', '81', 1);
INSERT INTO `like_comments` (`id`, `user_id`, `comments_id`, `add_like`) VALUES ('41', '32', '60', 1);
INSERT INTO `like_comments` (`id`, `user_id`, `comments_id`, `add_like`) VALUES ('42', '1', '78', 0);
INSERT INTO `like_comments` (`id`, `user_id`, `comments_id`, `add_like`) VALUES ('43', '15', '56', 1);
INSERT INTO `like_comments` (`id`, `user_id`, `comments_id`, `add_like`) VALUES ('44', '41', '6', 0);
INSERT INTO `like_comments` (`id`, `user_id`, `comments_id`, `add_like`) VALUES ('45', '15', '91', 1);
INSERT INTO `like_comments` (`id`, `user_id`, `comments_id`, `add_like`) VALUES ('46', '97', '70', 1);
INSERT INTO `like_comments` (`id`, `user_id`, `comments_id`, `add_like`) VALUES ('47', '81', '22', 0);
INSERT INTO `like_comments` (`id`, `user_id`, `comments_id`, `add_like`) VALUES ('48', '32', '85', 1);
INSERT INTO `like_comments` (`id`, `user_id`, `comments_id`, `add_like`) VALUES ('49', '56', '44', 1);
INSERT INTO `like_comments` (`id`, `user_id`, `comments_id`, `add_like`) VALUES ('50', '2', '30', 0);
INSERT INTO `like_comments` (`id`, `user_id`, `comments_id`, `add_like`) VALUES ('51', '5', '11', 1);
INSERT INTO `like_comments` (`id`, `user_id`, `comments_id`, `add_like`) VALUES ('52', '46', '12', 1);
INSERT INTO `like_comments` (`id`, `user_id`, `comments_id`, `add_like`) VALUES ('53', '56', '64', 0);
INSERT INTO `like_comments` (`id`, `user_id`, `comments_id`, `add_like`) VALUES ('54', '80', '20', 1);
INSERT INTO `like_comments` (`id`, `user_id`, `comments_id`, `add_like`) VALUES ('55', '93', '5', 0);
INSERT INTO `like_comments` (`id`, `user_id`, `comments_id`, `add_like`) VALUES ('56', '1', '25', 0);
INSERT INTO `like_comments` (`id`, `user_id`, `comments_id`, `add_like`) VALUES ('57', '64', '1', 1);
INSERT INTO `like_comments` (`id`, `user_id`, `comments_id`, `add_like`) VALUES ('58', '3', '79', 0);
INSERT INTO `like_comments` (`id`, `user_id`, `comments_id`, `add_like`) VALUES ('59', '56', '44', 0);
INSERT INTO `like_comments` (`id`, `user_id`, `comments_id`, `add_like`) VALUES ('60', '84', '71', 1);
INSERT INTO `like_comments` (`id`, `user_id`, `comments_id`, `add_like`) VALUES ('61', '35', '80', 1);
INSERT INTO `like_comments` (`id`, `user_id`, `comments_id`, `add_like`) VALUES ('62', '41', '15', 1);
INSERT INTO `like_comments` (`id`, `user_id`, `comments_id`, `add_like`) VALUES ('63', '1', '72', 0);
INSERT INTO `like_comments` (`id`, `user_id`, `comments_id`, `add_like`) VALUES ('64', '100', '57', 0);
INSERT INTO `like_comments` (`id`, `user_id`, `comments_id`, `add_like`) VALUES ('65', '15', '2', 0);
INSERT INTO `like_comments` (`id`, `user_id`, `comments_id`, `add_like`) VALUES ('66', '87', '20', 0);
INSERT INTO `like_comments` (`id`, `user_id`, `comments_id`, `add_like`) VALUES ('67', '12', '33', 0);
INSERT INTO `like_comments` (`id`, `user_id`, `comments_id`, `add_like`) VALUES ('68', '32', '68', 0);
INSERT INTO `like_comments` (`id`, `user_id`, `comments_id`, `add_like`) VALUES ('69', '96', '12', 0);
INSERT INTO `like_comments` (`id`, `user_id`, `comments_id`, `add_like`) VALUES ('70', '88', '88', 1);
INSERT INTO `like_comments` (`id`, `user_id`, `comments_id`, `add_like`) VALUES ('71', '16', '88', 0);
INSERT INTO `like_comments` (`id`, `user_id`, `comments_id`, `add_like`) VALUES ('72', '13', '80', 0);
INSERT INTO `like_comments` (`id`, `user_id`, `comments_id`, `add_like`) VALUES ('73', '89', '15', 0);
INSERT INTO `like_comments` (`id`, `user_id`, `comments_id`, `add_like`) VALUES ('74', '58', '44', 0);
INSERT INTO `like_comments` (`id`, `user_id`, `comments_id`, `add_like`) VALUES ('75', '58', '41', 0);
INSERT INTO `like_comments` (`id`, `user_id`, `comments_id`, `add_like`) VALUES ('76', '15', '93', 0);
INSERT INTO `like_comments` (`id`, `user_id`, `comments_id`, `add_like`) VALUES ('77', '21', '55', 0);
INSERT INTO `like_comments` (`id`, `user_id`, `comments_id`, `add_like`) VALUES ('78', '8', '22', 1);
INSERT INTO `like_comments` (`id`, `user_id`, `comments_id`, `add_like`) VALUES ('79', '27', '7', 0);
INSERT INTO `like_comments` (`id`, `user_id`, `comments_id`, `add_like`) VALUES ('80', '78', '41', 0);
INSERT INTO `like_comments` (`id`, `user_id`, `comments_id`, `add_like`) VALUES ('81', '8', '65', 0);
INSERT INTO `like_comments` (`id`, `user_id`, `comments_id`, `add_like`) VALUES ('82', '61', '19', 1);
INSERT INTO `like_comments` (`id`, `user_id`, `comments_id`, `add_like`) VALUES ('83', '97', '92', 1);
INSERT INTO `like_comments` (`id`, `user_id`, `comments_id`, `add_like`) VALUES ('84', '87', '92', 1);
INSERT INTO `like_comments` (`id`, `user_id`, `comments_id`, `add_like`) VALUES ('85', '4', '74', 0);
INSERT INTO `like_comments` (`id`, `user_id`, `comments_id`, `add_like`) VALUES ('86', '80', '19', 0);
INSERT INTO `like_comments` (`id`, `user_id`, `comments_id`, `add_like`) VALUES ('87', '61', '92', 0);
INSERT INTO `like_comments` (`id`, `user_id`, `comments_id`, `add_like`) VALUES ('88', '98', '49', 0);
INSERT INTO `like_comments` (`id`, `user_id`, `comments_id`, `add_like`) VALUES ('89', '7', '56', 0);
INSERT INTO `like_comments` (`id`, `user_id`, `comments_id`, `add_like`) VALUES ('90', '93', '64', 1);
INSERT INTO `like_comments` (`id`, `user_id`, `comments_id`, `add_like`) VALUES ('91', '96', '8', 0);
INSERT INTO `like_comments` (`id`, `user_id`, `comments_id`, `add_like`) VALUES ('92', '57', '16', 1);
INSERT INTO `like_comments` (`id`, `user_id`, `comments_id`, `add_like`) VALUES ('93', '62', '64', 1);
INSERT INTO `like_comments` (`id`, `user_id`, `comments_id`, `add_like`) VALUES ('94', '37', '88', 1);
INSERT INTO `like_comments` (`id`, `user_id`, `comments_id`, `add_like`) VALUES ('95', '70', '15', 1);
INSERT INTO `like_comments` (`id`, `user_id`, `comments_id`, `add_like`) VALUES ('96', '29', '78', 0);
INSERT INTO `like_comments` (`id`, `user_id`, `comments_id`, `add_like`) VALUES ('97', '79', '90', 0);
INSERT INTO `like_comments` (`id`, `user_id`, `comments_id`, `add_like`) VALUES ('98', '96', '76', 0);
INSERT INTO `like_comments` (`id`, `user_id`, `comments_id`, `add_like`) VALUES ('99', '82', '83', 0);
INSERT INTO `like_comments` (`id`, `user_id`, `comments_id`, `add_like`) VALUES ('100', '67', '85', 0);

INSERT INTO `like_photos` (`id`, `user_id`, `photos_id`, `add_like`) VALUES ('1', '48', '100', 0);
INSERT INTO `like_photos` (`id`, `user_id`, `photos_id`, `add_like`) VALUES ('2', '68', '14', 1);
INSERT INTO `like_photos` (`id`, `user_id`, `photos_id`, `add_like`) VALUES ('3', '78', '33', 0);
INSERT INTO `like_photos` (`id`, `user_id`, `photos_id`, `add_like`) VALUES ('4', '12', '54', 0);
INSERT INTO `like_photos` (`id`, `user_id`, `photos_id`, `add_like`) VALUES ('5', '42', '50', 1);
INSERT INTO `like_photos` (`id`, `user_id`, `photos_id`, `add_like`) VALUES ('6', '99', '18', 0);
INSERT INTO `like_photos` (`id`, `user_id`, `photos_id`, `add_like`) VALUES ('7', '51', '2', 1);
INSERT INTO `like_photos` (`id`, `user_id`, `photos_id`, `add_like`) VALUES ('8', '43', '54', 1);
INSERT INTO `like_photos` (`id`, `user_id`, `photos_id`, `add_like`) VALUES ('9', '30', '35', 0);
INSERT INTO `like_photos` (`id`, `user_id`, `photos_id`, `add_like`) VALUES ('10', '49', '76', 0);
INSERT INTO `like_photos` (`id`, `user_id`, `photos_id`, `add_like`) VALUES ('11', '25', '79', 0);
INSERT INTO `like_photos` (`id`, `user_id`, `photos_id`, `add_like`) VALUES ('12', '51', '62', 0);
INSERT INTO `like_photos` (`id`, `user_id`, `photos_id`, `add_like`) VALUES ('13', '58', '66', 1);
INSERT INTO `like_photos` (`id`, `user_id`, `photos_id`, `add_like`) VALUES ('14', '22', '26', 1);
INSERT INTO `like_photos` (`id`, `user_id`, `photos_id`, `add_like`) VALUES ('15', '83', '1', 0);
INSERT INTO `like_photos` (`id`, `user_id`, `photos_id`, `add_like`) VALUES ('16', '75', '30', 1);
INSERT INTO `like_photos` (`id`, `user_id`, `photos_id`, `add_like`) VALUES ('17', '100', '43', 0);
INSERT INTO `like_photos` (`id`, `user_id`, `photos_id`, `add_like`) VALUES ('18', '44', '78', 0);
INSERT INTO `like_photos` (`id`, `user_id`, `photos_id`, `add_like`) VALUES ('19', '75', '56', 0);
INSERT INTO `like_photos` (`id`, `user_id`, `photos_id`, `add_like`) VALUES ('20', '31', '16', 0);
INSERT INTO `like_photos` (`id`, `user_id`, `photos_id`, `add_like`) VALUES ('21', '6', '29', 0);
INSERT INTO `like_photos` (`id`, `user_id`, `photos_id`, `add_like`) VALUES ('22', '34', '56', 0);
INSERT INTO `like_photos` (`id`, `user_id`, `photos_id`, `add_like`) VALUES ('23', '31', '76', 1);
INSERT INTO `like_photos` (`id`, `user_id`, `photos_id`, `add_like`) VALUES ('24', '9', '61', 0);
INSERT INTO `like_photos` (`id`, `user_id`, `photos_id`, `add_like`) VALUES ('25', '10', '58', 0);
INSERT INTO `like_photos` (`id`, `user_id`, `photos_id`, `add_like`) VALUES ('26', '37', '34', 0);
INSERT INTO `like_photos` (`id`, `user_id`, `photos_id`, `add_like`) VALUES ('27', '36', '87', 0);
INSERT INTO `like_photos` (`id`, `user_id`, `photos_id`, `add_like`) VALUES ('28', '96', '94', 1);
INSERT INTO `like_photos` (`id`, `user_id`, `photos_id`, `add_like`) VALUES ('29', '52', '18', 0);
INSERT INTO `like_photos` (`id`, `user_id`, `photos_id`, `add_like`) VALUES ('30', '19', '34', 1);
INSERT INTO `like_photos` (`id`, `user_id`, `photos_id`, `add_like`) VALUES ('31', '18', '93', 1);
INSERT INTO `like_photos` (`id`, `user_id`, `photos_id`, `add_like`) VALUES ('32', '64', '18', 1);
INSERT INTO `like_photos` (`id`, `user_id`, `photos_id`, `add_like`) VALUES ('33', '36', '7', 0);
INSERT INTO `like_photos` (`id`, `user_id`, `photos_id`, `add_like`) VALUES ('34', '95', '10', 0);
INSERT INTO `like_photos` (`id`, `user_id`, `photos_id`, `add_like`) VALUES ('35', '63', '26', 0);
INSERT INTO `like_photos` (`id`, `user_id`, `photos_id`, `add_like`) VALUES ('36', '26', '68', 0);
INSERT INTO `like_photos` (`id`, `user_id`, `photos_id`, `add_like`) VALUES ('37', '55', '59', 0);
INSERT INTO `like_photos` (`id`, `user_id`, `photos_id`, `add_like`) VALUES ('38', '23', '86', 1);
INSERT INTO `like_photos` (`id`, `user_id`, `photos_id`, `add_like`) VALUES ('39', '34', '32', 1);
INSERT INTO `like_photos` (`id`, `user_id`, `photos_id`, `add_like`) VALUES ('40', '46', '43', 1);
INSERT INTO `like_photos` (`id`, `user_id`, `photos_id`, `add_like`) VALUES ('41', '89', '82', 0);
INSERT INTO `like_photos` (`id`, `user_id`, `photos_id`, `add_like`) VALUES ('42', '77', '25', 1);
INSERT INTO `like_photos` (`id`, `user_id`, `photos_id`, `add_like`) VALUES ('43', '69', '72', 1);
INSERT INTO `like_photos` (`id`, `user_id`, `photos_id`, `add_like`) VALUES ('44', '18', '20', 1);
INSERT INTO `like_photos` (`id`, `user_id`, `photos_id`, `add_like`) VALUES ('45', '89', '36', 1);
INSERT INTO `like_photos` (`id`, `user_id`, `photos_id`, `add_like`) VALUES ('46', '54', '7', 0);
INSERT INTO `like_photos` (`id`, `user_id`, `photos_id`, `add_like`) VALUES ('47', '29', '17', 0);
INSERT INTO `like_photos` (`id`, `user_id`, `photos_id`, `add_like`) VALUES ('48', '24', '64', 0);
INSERT INTO `like_photos` (`id`, `user_id`, `photos_id`, `add_like`) VALUES ('49', '24', '19', 1);
INSERT INTO `like_photos` (`id`, `user_id`, `photos_id`, `add_like`) VALUES ('50', '74', '86', 0);
INSERT INTO `like_photos` (`id`, `user_id`, `photos_id`, `add_like`) VALUES ('51', '45', '99', 0);
INSERT INTO `like_photos` (`id`, `user_id`, `photos_id`, `add_like`) VALUES ('52', '54', '99', 1);
INSERT INTO `like_photos` (`id`, `user_id`, `photos_id`, `add_like`) VALUES ('53', '58', '77', 0);
INSERT INTO `like_photos` (`id`, `user_id`, `photos_id`, `add_like`) VALUES ('54', '85', '91', 1);
INSERT INTO `like_photos` (`id`, `user_id`, `photos_id`, `add_like`) VALUES ('55', '9', '30', 1);
INSERT INTO `like_photos` (`id`, `user_id`, `photos_id`, `add_like`) VALUES ('56', '34', '98', 0);
INSERT INTO `like_photos` (`id`, `user_id`, `photos_id`, `add_like`) VALUES ('57', '12', '10', 0);
INSERT INTO `like_photos` (`id`, `user_id`, `photos_id`, `add_like`) VALUES ('58', '22', '80', 0);
INSERT INTO `like_photos` (`id`, `user_id`, `photos_id`, `add_like`) VALUES ('59', '82', '40', 0);
INSERT INTO `like_photos` (`id`, `user_id`, `photos_id`, `add_like`) VALUES ('60', '100', '71', 1);
INSERT INTO `like_photos` (`id`, `user_id`, `photos_id`, `add_like`) VALUES ('61', '75', '54', 1);
INSERT INTO `like_photos` (`id`, `user_id`, `photos_id`, `add_like`) VALUES ('62', '77', '4', 1);
INSERT INTO `like_photos` (`id`, `user_id`, `photos_id`, `add_like`) VALUES ('63', '71', '1', 1);
INSERT INTO `like_photos` (`id`, `user_id`, `photos_id`, `add_like`) VALUES ('64', '67', '94', 1);
INSERT INTO `like_photos` (`id`, `user_id`, `photos_id`, `add_like`) VALUES ('65', '20', '40', 0);
INSERT INTO `like_photos` (`id`, `user_id`, `photos_id`, `add_like`) VALUES ('66', '80', '64', 1);
INSERT INTO `like_photos` (`id`, `user_id`, `photos_id`, `add_like`) VALUES ('67', '39', '33', 0);
INSERT INTO `like_photos` (`id`, `user_id`, `photos_id`, `add_like`) VALUES ('68', '63', '96', 1);
INSERT INTO `like_photos` (`id`, `user_id`, `photos_id`, `add_like`) VALUES ('69', '9', '48', 0);
INSERT INTO `like_photos` (`id`, `user_id`, `photos_id`, `add_like`) VALUES ('70', '87', '18', 0);
INSERT INTO `like_photos` (`id`, `user_id`, `photos_id`, `add_like`) VALUES ('71', '77', '20', 0);
INSERT INTO `like_photos` (`id`, `user_id`, `photos_id`, `add_like`) VALUES ('72', '15', '89', 1);
INSERT INTO `like_photos` (`id`, `user_id`, `photos_id`, `add_like`) VALUES ('73', '30', '36', 1);
INSERT INTO `like_photos` (`id`, `user_id`, `photos_id`, `add_like`) VALUES ('74', '69', '12', 1);
INSERT INTO `like_photos` (`id`, `user_id`, `photos_id`, `add_like`) VALUES ('75', '75', '68', 1);
INSERT INTO `like_photos` (`id`, `user_id`, `photos_id`, `add_like`) VALUES ('76', '82', '50', 0);
INSERT INTO `like_photos` (`id`, `user_id`, `photos_id`, `add_like`) VALUES ('77', '22', '59', 0);
INSERT INTO `like_photos` (`id`, `user_id`, `photos_id`, `add_like`) VALUES ('78', '54', '92', 1);
INSERT INTO `like_photos` (`id`, `user_id`, `photos_id`, `add_like`) VALUES ('79', '60', '21', 1);
INSERT INTO `like_photos` (`id`, `user_id`, `photos_id`, `add_like`) VALUES ('80', '85', '79', 0);
INSERT INTO `like_photos` (`id`, `user_id`, `photos_id`, `add_like`) VALUES ('81', '60', '65', 1);
INSERT INTO `like_photos` (`id`, `user_id`, `photos_id`, `add_like`) VALUES ('82', '43', '99', 1);
INSERT INTO `like_photos` (`id`, `user_id`, `photos_id`, `add_like`) VALUES ('83', '98', '6', 0);
INSERT INTO `like_photos` (`id`, `user_id`, `photos_id`, `add_like`) VALUES ('84', '95', '7', 0);
INSERT INTO `like_photos` (`id`, `user_id`, `photos_id`, `add_like`) VALUES ('85', '53', '81', 1);
INSERT INTO `like_photos` (`id`, `user_id`, `photos_id`, `add_like`) VALUES ('86', '24', '30', 0);
INSERT INTO `like_photos` (`id`, `user_id`, `photos_id`, `add_like`) VALUES ('87', '1', '38', 0);
INSERT INTO `like_photos` (`id`, `user_id`, `photos_id`, `add_like`) VALUES ('88', '19', '31', 1);
INSERT INTO `like_photos` (`id`, `user_id`, `photos_id`, `add_like`) VALUES ('89', '73', '87', 0);
INSERT INTO `like_photos` (`id`, `user_id`, `photos_id`, `add_like`) VALUES ('90', '42', '48', 1);
INSERT INTO `like_photos` (`id`, `user_id`, `photos_id`, `add_like`) VALUES ('91', '55', '23', 1);
INSERT INTO `like_photos` (`id`, `user_id`, `photos_id`, `add_like`) VALUES ('92', '98', '76', 1);
INSERT INTO `like_photos` (`id`, `user_id`, `photos_id`, `add_like`) VALUES ('93', '82', '52', 1);
INSERT INTO `like_photos` (`id`, `user_id`, `photos_id`, `add_like`) VALUES ('94', '67', '41', 0);
INSERT INTO `like_photos` (`id`, `user_id`, `photos_id`, `add_like`) VALUES ('95', '72', '52', 1);
INSERT INTO `like_photos` (`id`, `user_id`, `photos_id`, `add_like`) VALUES ('96', '20', '31', 0);
INSERT INTO `like_photos` (`id`, `user_id`, `photos_id`, `add_like`) VALUES ('97', '17', '63', 0);
INSERT INTO `like_photos` (`id`, `user_id`, `photos_id`, `add_like`) VALUES ('98', '30', '14', 0);
INSERT INTO `like_photos` (`id`, `user_id`, `photos_id`, `add_like`) VALUES ('99', '68', '24', 1);
INSERT INTO `like_photos` (`id`, `user_id`, `photos_id`, `add_like`) VALUES ('100', '20', '21', 0);

INSERT INTO `like_posts` (`id`, `user_id`, `post_id`, `add_like`) VALUES ('1', '98', '48', 0);
INSERT INTO `like_posts` (`id`, `user_id`, `post_id`, `add_like`) VALUES ('2', '91', '100', 0);
INSERT INTO `like_posts` (`id`, `user_id`, `post_id`, `add_like`) VALUES ('3', '6', '92', 0);
INSERT INTO `like_posts` (`id`, `user_id`, `post_id`, `add_like`) VALUES ('4', '35', '69', 0);
INSERT INTO `like_posts` (`id`, `user_id`, `post_id`, `add_like`) VALUES ('5', '83', '86', 1);
INSERT INTO `like_posts` (`id`, `user_id`, `post_id`, `add_like`) VALUES ('6', '6', '11', 0);
INSERT INTO `like_posts` (`id`, `user_id`, `post_id`, `add_like`) VALUES ('7', '14', '50', 0);
INSERT INTO `like_posts` (`id`, `user_id`, `post_id`, `add_like`) VALUES ('8', '99', '60', 0);
INSERT INTO `like_posts` (`id`, `user_id`, `post_id`, `add_like`) VALUES ('9', '69', '19', 0);
INSERT INTO `like_posts` (`id`, `user_id`, `post_id`, `add_like`) VALUES ('10', '53', '64', 1);
INSERT INTO `like_posts` (`id`, `user_id`, `post_id`, `add_like`) VALUES ('11', '51', '60', 1);
INSERT INTO `like_posts` (`id`, `user_id`, `post_id`, `add_like`) VALUES ('12', '78', '31', 0);
INSERT INTO `like_posts` (`id`, `user_id`, `post_id`, `add_like`) VALUES ('13', '27', '25', 0);
INSERT INTO `like_posts` (`id`, `user_id`, `post_id`, `add_like`) VALUES ('14', '26', '89', 1);
INSERT INTO `like_posts` (`id`, `user_id`, `post_id`, `add_like`) VALUES ('15', '56', '16', 1);
INSERT INTO `like_posts` (`id`, `user_id`, `post_id`, `add_like`) VALUES ('16', '83', '54', 1);
INSERT INTO `like_posts` (`id`, `user_id`, `post_id`, `add_like`) VALUES ('17', '63', '74', 0);
INSERT INTO `like_posts` (`id`, `user_id`, `post_id`, `add_like`) VALUES ('18', '53', '69', 0);
INSERT INTO `like_posts` (`id`, `user_id`, `post_id`, `add_like`) VALUES ('19', '66', '88', 0);
INSERT INTO `like_posts` (`id`, `user_id`, `post_id`, `add_like`) VALUES ('20', '37', '49', 0);
INSERT INTO `like_posts` (`id`, `user_id`, `post_id`, `add_like`) VALUES ('21', '73', '42', 0);
INSERT INTO `like_posts` (`id`, `user_id`, `post_id`, `add_like`) VALUES ('22', '60', '87', 0);
INSERT INTO `like_posts` (`id`, `user_id`, `post_id`, `add_like`) VALUES ('23', '92', '58', 0);
INSERT INTO `like_posts` (`id`, `user_id`, `post_id`, `add_like`) VALUES ('24', '47', '60', 0);
INSERT INTO `like_posts` (`id`, `user_id`, `post_id`, `add_like`) VALUES ('25', '76', '99', 0);
INSERT INTO `like_posts` (`id`, `user_id`, `post_id`, `add_like`) VALUES ('26', '24', '27', 1);
INSERT INTO `like_posts` (`id`, `user_id`, `post_id`, `add_like`) VALUES ('27', '59', '2', 1);
INSERT INTO `like_posts` (`id`, `user_id`, `post_id`, `add_like`) VALUES ('28', '57', '85', 0);
INSERT INTO `like_posts` (`id`, `user_id`, `post_id`, `add_like`) VALUES ('29', '27', '83', 0);
INSERT INTO `like_posts` (`id`, `user_id`, `post_id`, `add_like`) VALUES ('30', '73', '83', 0);
INSERT INTO `like_posts` (`id`, `user_id`, `post_id`, `add_like`) VALUES ('31', '98', '56', 0);
INSERT INTO `like_posts` (`id`, `user_id`, `post_id`, `add_like`) VALUES ('32', '36', '61', 1);
INSERT INTO `like_posts` (`id`, `user_id`, `post_id`, `add_like`) VALUES ('33', '30', '88', 0);
INSERT INTO `like_posts` (`id`, `user_id`, `post_id`, `add_like`) VALUES ('34', '29', '96', 1);
INSERT INTO `like_posts` (`id`, `user_id`, `post_id`, `add_like`) VALUES ('35', '76', '66', 1);
INSERT INTO `like_posts` (`id`, `user_id`, `post_id`, `add_like`) VALUES ('36', '44', '49', 0);
INSERT INTO `like_posts` (`id`, `user_id`, `post_id`, `add_like`) VALUES ('37', '8', '3', 1);
INSERT INTO `like_posts` (`id`, `user_id`, `post_id`, `add_like`) VALUES ('38', '35', '99', 1);
INSERT INTO `like_posts` (`id`, `user_id`, `post_id`, `add_like`) VALUES ('39', '61', '81', 1);
INSERT INTO `like_posts` (`id`, `user_id`, `post_id`, `add_like`) VALUES ('40', '59', '37', 1);
INSERT INTO `like_posts` (`id`, `user_id`, `post_id`, `add_like`) VALUES ('41', '80', '83', 1);
INSERT INTO `like_posts` (`id`, `user_id`, `post_id`, `add_like`) VALUES ('42', '63', '38', 0);
INSERT INTO `like_posts` (`id`, `user_id`, `post_id`, `add_like`) VALUES ('43', '85', '20', 1);
INSERT INTO `like_posts` (`id`, `user_id`, `post_id`, `add_like`) VALUES ('44', '22', '11', 1);
INSERT INTO `like_posts` (`id`, `user_id`, `post_id`, `add_like`) VALUES ('45', '2', '95', 1);
INSERT INTO `like_posts` (`id`, `user_id`, `post_id`, `add_like`) VALUES ('46', '93', '100', 1);
INSERT INTO `like_posts` (`id`, `user_id`, `post_id`, `add_like`) VALUES ('47', '51', '28', 1);
INSERT INTO `like_posts` (`id`, `user_id`, `post_id`, `add_like`) VALUES ('48', '60', '80', 0);
INSERT INTO `like_posts` (`id`, `user_id`, `post_id`, `add_like`) VALUES ('49', '16', '89', 1);
INSERT INTO `like_posts` (`id`, `user_id`, `post_id`, `add_like`) VALUES ('50', '76', '91', 0);
INSERT INTO `like_posts` (`id`, `user_id`, `post_id`, `add_like`) VALUES ('51', '55', '19', 1);
INSERT INTO `like_posts` (`id`, `user_id`, `post_id`, `add_like`) VALUES ('52', '39', '62', 1);
INSERT INTO `like_posts` (`id`, `user_id`, `post_id`, `add_like`) VALUES ('53', '22', '74', 0);
INSERT INTO `like_posts` (`id`, `user_id`, `post_id`, `add_like`) VALUES ('54', '60', '83', 0);
INSERT INTO `like_posts` (`id`, `user_id`, `post_id`, `add_like`) VALUES ('55', '55', '19', 1);
INSERT INTO `like_posts` (`id`, `user_id`, `post_id`, `add_like`) VALUES ('56', '20', '34', 1);
INSERT INTO `like_posts` (`id`, `user_id`, `post_id`, `add_like`) VALUES ('57', '1', '83', 1);
INSERT INTO `like_posts` (`id`, `user_id`, `post_id`, `add_like`) VALUES ('58', '71', '85', 1);
INSERT INTO `like_posts` (`id`, `user_id`, `post_id`, `add_like`) VALUES ('59', '2', '93', 0);
INSERT INTO `like_posts` (`id`, `user_id`, `post_id`, `add_like`) VALUES ('60', '95', '4', 1);
INSERT INTO `like_posts` (`id`, `user_id`, `post_id`, `add_like`) VALUES ('61', '88', '88', 1);
INSERT INTO `like_posts` (`id`, `user_id`, `post_id`, `add_like`) VALUES ('62', '3', '38', 0);
INSERT INTO `like_posts` (`id`, `user_id`, `post_id`, `add_like`) VALUES ('63', '16', '63', 1);
INSERT INTO `like_posts` (`id`, `user_id`, `post_id`, `add_like`) VALUES ('64', '18', '31', 0);
INSERT INTO `like_posts` (`id`, `user_id`, `post_id`, `add_like`) VALUES ('65', '52', '93', 1);
INSERT INTO `like_posts` (`id`, `user_id`, `post_id`, `add_like`) VALUES ('66', '22', '6', 0);
INSERT INTO `like_posts` (`id`, `user_id`, `post_id`, `add_like`) VALUES ('67', '11', '61', 1);
INSERT INTO `like_posts` (`id`, `user_id`, `post_id`, `add_like`) VALUES ('68', '67', '33', 1);
INSERT INTO `like_posts` (`id`, `user_id`, `post_id`, `add_like`) VALUES ('69', '34', '27', 1);
INSERT INTO `like_posts` (`id`, `user_id`, `post_id`, `add_like`) VALUES ('70', '15', '89', 1);
INSERT INTO `like_posts` (`id`, `user_id`, `post_id`, `add_like`) VALUES ('71', '45', '35', 1);
INSERT INTO `like_posts` (`id`, `user_id`, `post_id`, `add_like`) VALUES ('72', '22', '46', 1);
INSERT INTO `like_posts` (`id`, `user_id`, `post_id`, `add_like`) VALUES ('73', '17', '93', 1);
INSERT INTO `like_posts` (`id`, `user_id`, `post_id`, `add_like`) VALUES ('74', '30', '18', 1);
INSERT INTO `like_posts` (`id`, `user_id`, `post_id`, `add_like`) VALUES ('75', '86', '25', 0);
INSERT INTO `like_posts` (`id`, `user_id`, `post_id`, `add_like`) VALUES ('76', '21', '73', 0);
INSERT INTO `like_posts` (`id`, `user_id`, `post_id`, `add_like`) VALUES ('77', '12', '24', 1);
INSERT INTO `like_posts` (`id`, `user_id`, `post_id`, `add_like`) VALUES ('78', '10', '27', 0);
INSERT INTO `like_posts` (`id`, `user_id`, `post_id`, `add_like`) VALUES ('79', '86', '28', 0);
INSERT INTO `like_posts` (`id`, `user_id`, `post_id`, `add_like`) VALUES ('80', '58', '38', 1);
INSERT INTO `like_posts` (`id`, `user_id`, `post_id`, `add_like`) VALUES ('81', '20', '79', 0);
INSERT INTO `like_posts` (`id`, `user_id`, `post_id`, `add_like`) VALUES ('82', '43', '31', 0);
INSERT INTO `like_posts` (`id`, `user_id`, `post_id`, `add_like`) VALUES ('83', '40', '10', 1);
INSERT INTO `like_posts` (`id`, `user_id`, `post_id`, `add_like`) VALUES ('84', '63', '74', 0);
INSERT INTO `like_posts` (`id`, `user_id`, `post_id`, `add_like`) VALUES ('85', '37', '78', 0);
INSERT INTO `like_posts` (`id`, `user_id`, `post_id`, `add_like`) VALUES ('86', '62', '81', 1);
INSERT INTO `like_posts` (`id`, `user_id`, `post_id`, `add_like`) VALUES ('87', '12', '84', 1);
INSERT INTO `like_posts` (`id`, `user_id`, `post_id`, `add_like`) VALUES ('88', '26', '28', 1);
INSERT INTO `like_posts` (`id`, `user_id`, `post_id`, `add_like`) VALUES ('89', '76', '56', 0);
INSERT INTO `like_posts` (`id`, `user_id`, `post_id`, `add_like`) VALUES ('90', '46', '61', 0);
INSERT INTO `like_posts` (`id`, `user_id`, `post_id`, `add_like`) VALUES ('91', '80', '67', 0);
INSERT INTO `like_posts` (`id`, `user_id`, `post_id`, `add_like`) VALUES ('92', '34', '92', 0);
INSERT INTO `like_posts` (`id`, `user_id`, `post_id`, `add_like`) VALUES ('93', '90', '44', 1);
INSERT INTO `like_posts` (`id`, `user_id`, `post_id`, `add_like`) VALUES ('94', '18', '76', 0);
INSERT INTO `like_posts` (`id`, `user_id`, `post_id`, `add_like`) VALUES ('95', '71', '76', 1);
INSERT INTO `like_posts` (`id`, `user_id`, `post_id`, `add_like`) VALUES ('96', '13', '90', 0);
INSERT INTO `like_posts` (`id`, `user_id`, `post_id`, `add_like`) VALUES ('97', '55', '56', 0);
INSERT INTO `like_posts` (`id`, `user_id`, `post_id`, `add_like`) VALUES ('98', '20', '94', 0);
INSERT INTO `like_posts` (`id`, `user_id`, `post_id`, `add_like`) VALUES ('99', '66', '83', 1);
INSERT INTO `like_posts` (`id`, `user_id`, `post_id`, `add_like`) VALUES ('100', '68', '2', 0);

INSERT INTO `like_users` (`id`, `user_id`, `target_user_id`, `add_like`) VALUES ('1', '60', '71', 0);
INSERT INTO `like_users` (`id`, `user_id`, `target_user_id`, `add_like`) VALUES ('2', '44', '66', 1);
INSERT INTO `like_users` (`id`, `user_id`, `target_user_id`, `add_like`) VALUES ('3', '19', '47', 0);
INSERT INTO `like_users` (`id`, `user_id`, `target_user_id`, `add_like`) VALUES ('4', '89', '24', 1);
INSERT INTO `like_users` (`id`, `user_id`, `target_user_id`, `add_like`) VALUES ('5', '58', '98', 0);
INSERT INTO `like_users` (`id`, `user_id`, `target_user_id`, `add_like`) VALUES ('6', '94', '100', 1);
INSERT INTO `like_users` (`id`, `user_id`, `target_user_id`, `add_like`) VALUES ('7', '98', '17', 0);
INSERT INTO `like_users` (`id`, `user_id`, `target_user_id`, `add_like`) VALUES ('8', '76', '90', 0);
INSERT INTO `like_users` (`id`, `user_id`, `target_user_id`, `add_like`) VALUES ('9', '54', '87', 1);
INSERT INTO `like_users` (`id`, `user_id`, `target_user_id`, `add_like`) VALUES ('10', '71', '35', 0);
INSERT INTO `like_users` (`id`, `user_id`, `target_user_id`, `add_like`) VALUES ('11', '47', '94', 1);
INSERT INTO `like_users` (`id`, `user_id`, `target_user_id`, `add_like`) VALUES ('12', '84', '78', 0);
INSERT INTO `like_users` (`id`, `user_id`, `target_user_id`, `add_like`) VALUES ('13', '83', '94', 1);
INSERT INTO `like_users` (`id`, `user_id`, `target_user_id`, `add_like`) VALUES ('14', '30', '99', 1);
INSERT INTO `like_users` (`id`, `user_id`, `target_user_id`, `add_like`) VALUES ('15', '74', '88', 1);
INSERT INTO `like_users` (`id`, `user_id`, `target_user_id`, `add_like`) VALUES ('16', '19', '34', 0);
INSERT INTO `like_users` (`id`, `user_id`, `target_user_id`, `add_like`) VALUES ('17', '59', '62', 0);
INSERT INTO `like_users` (`id`, `user_id`, `target_user_id`, `add_like`) VALUES ('18', '100', '77', 0);
INSERT INTO `like_users` (`id`, `user_id`, `target_user_id`, `add_like`) VALUES ('19', '9', '88', 0);
INSERT INTO `like_users` (`id`, `user_id`, `target_user_id`, `add_like`) VALUES ('20', '1', '67', 0);
INSERT INTO `like_users` (`id`, `user_id`, `target_user_id`, `add_like`) VALUES ('21', '85', '94', 0);
INSERT INTO `like_users` (`id`, `user_id`, `target_user_id`, `add_like`) VALUES ('22', '66', '83', 1);
INSERT INTO `like_users` (`id`, `user_id`, `target_user_id`, `add_like`) VALUES ('23', '11', '42', 0);
INSERT INTO `like_users` (`id`, `user_id`, `target_user_id`, `add_like`) VALUES ('24', '72', '64', 0);
INSERT INTO `like_users` (`id`, `user_id`, `target_user_id`, `add_like`) VALUES ('25', '28', '42', 1);
INSERT INTO `like_users` (`id`, `user_id`, `target_user_id`, `add_like`) VALUES ('26', '99', '75', 0);
INSERT INTO `like_users` (`id`, `user_id`, `target_user_id`, `add_like`) VALUES ('27', '36', '82', 1);
INSERT INTO `like_users` (`id`, `user_id`, `target_user_id`, `add_like`) VALUES ('28', '52', '19', 1);
INSERT INTO `like_users` (`id`, `user_id`, `target_user_id`, `add_like`) VALUES ('29', '75', '82', 0);
INSERT INTO `like_users` (`id`, `user_id`, `target_user_id`, `add_like`) VALUES ('30', '17', '49', 1);
INSERT INTO `like_users` (`id`, `user_id`, `target_user_id`, `add_like`) VALUES ('31', '69', '36', 0);
INSERT INTO `like_users` (`id`, `user_id`, `target_user_id`, `add_like`) VALUES ('32', '82', '28', 0);
INSERT INTO `like_users` (`id`, `user_id`, `target_user_id`, `add_like`) VALUES ('33', '97', '81', 0);
INSERT INTO `like_users` (`id`, `user_id`, `target_user_id`, `add_like`) VALUES ('34', '4', '6', 0);
INSERT INTO `like_users` (`id`, `user_id`, `target_user_id`, `add_like`) VALUES ('35', '69', '4', 0);
INSERT INTO `like_users` (`id`, `user_id`, `target_user_id`, `add_like`) VALUES ('36', '72', '53', 0);
INSERT INTO `like_users` (`id`, `user_id`, `target_user_id`, `add_like`) VALUES ('37', '97', '38', 0);
INSERT INTO `like_users` (`id`, `user_id`, `target_user_id`, `add_like`) VALUES ('38', '35', '8', 0);
INSERT INTO `like_users` (`id`, `user_id`, `target_user_id`, `add_like`) VALUES ('39', '79', '7', 0);
INSERT INTO `like_users` (`id`, `user_id`, `target_user_id`, `add_like`) VALUES ('40', '71', '7', 1);
INSERT INTO `like_users` (`id`, `user_id`, `target_user_id`, `add_like`) VALUES ('41', '48', '69', 0);
INSERT INTO `like_users` (`id`, `user_id`, `target_user_id`, `add_like`) VALUES ('42', '81', '84', 0);
INSERT INTO `like_users` (`id`, `user_id`, `target_user_id`, `add_like`) VALUES ('43', '51', '33', 0);
INSERT INTO `like_users` (`id`, `user_id`, `target_user_id`, `add_like`) VALUES ('44', '2', '25', 1);
INSERT INTO `like_users` (`id`, `user_id`, `target_user_id`, `add_like`) VALUES ('45', '14', '19', 0);
INSERT INTO `like_users` (`id`, `user_id`, `target_user_id`, `add_like`) VALUES ('46', '74', '83', 1);
INSERT INTO `like_users` (`id`, `user_id`, `target_user_id`, `add_like`) VALUES ('47', '54', '55', 1);
INSERT INTO `like_users` (`id`, `user_id`, `target_user_id`, `add_like`) VALUES ('48', '10', '51', 0);
INSERT INTO `like_users` (`id`, `user_id`, `target_user_id`, `add_like`) VALUES ('49', '35', '14', 1);
INSERT INTO `like_users` (`id`, `user_id`, `target_user_id`, `add_like`) VALUES ('50', '57', '3', 1);
INSERT INTO `like_users` (`id`, `user_id`, `target_user_id`, `add_like`) VALUES ('51', '18', '28', 1);
INSERT INTO `like_users` (`id`, `user_id`, `target_user_id`, `add_like`) VALUES ('52', '56', '15', 0);
INSERT INTO `like_users` (`id`, `user_id`, `target_user_id`, `add_like`) VALUES ('53', '65', '91', 1);
INSERT INTO `like_users` (`id`, `user_id`, `target_user_id`, `add_like`) VALUES ('54', '22', '44', 0);
INSERT INTO `like_users` (`id`, `user_id`, `target_user_id`, `add_like`) VALUES ('55', '97', '92', 0);
INSERT INTO `like_users` (`id`, `user_id`, `target_user_id`, `add_like`) VALUES ('56', '51', '45', 1);
INSERT INTO `like_users` (`id`, `user_id`, `target_user_id`, `add_like`) VALUES ('57', '61', '32', 0);
INSERT INTO `like_users` (`id`, `user_id`, `target_user_id`, `add_like`) VALUES ('58', '29', '11', 1);
INSERT INTO `like_users` (`id`, `user_id`, `target_user_id`, `add_like`) VALUES ('59', '64', '30', 0);
INSERT INTO `like_users` (`id`, `user_id`, `target_user_id`, `add_like`) VALUES ('60', '36', '78', 1);
INSERT INTO `like_users` (`id`, `user_id`, `target_user_id`, `add_like`) VALUES ('61', '49', '9', 0);
INSERT INTO `like_users` (`id`, `user_id`, `target_user_id`, `add_like`) VALUES ('62', '60', '2', 0);
INSERT INTO `like_users` (`id`, `user_id`, `target_user_id`, `add_like`) VALUES ('63', '64', '70', 1);
INSERT INTO `like_users` (`id`, `user_id`, `target_user_id`, `add_like`) VALUES ('64', '53', '98', 1);
INSERT INTO `like_users` (`id`, `user_id`, `target_user_id`, `add_like`) VALUES ('65', '84', '9', 1);
INSERT INTO `like_users` (`id`, `user_id`, `target_user_id`, `add_like`) VALUES ('66', '1', '1', 1);
INSERT INTO `like_users` (`id`, `user_id`, `target_user_id`, `add_like`) VALUES ('67', '37', '57', 1);
INSERT INTO `like_users` (`id`, `user_id`, `target_user_id`, `add_like`) VALUES ('68', '15', '2', 0);
INSERT INTO `like_users` (`id`, `user_id`, `target_user_id`, `add_like`) VALUES ('69', '48', '36', 0);
INSERT INTO `like_users` (`id`, `user_id`, `target_user_id`, `add_like`) VALUES ('70', '45', '44', 1);
INSERT INTO `like_users` (`id`, `user_id`, `target_user_id`, `add_like`) VALUES ('71', '28', '96', 0);
INSERT INTO `like_users` (`id`, `user_id`, `target_user_id`, `add_like`) VALUES ('72', '89', '88', 0);
INSERT INTO `like_users` (`id`, `user_id`, `target_user_id`, `add_like`) VALUES ('73', '27', '18', 1);
INSERT INTO `like_users` (`id`, `user_id`, `target_user_id`, `add_like`) VALUES ('74', '99', '90', 0);
INSERT INTO `like_users` (`id`, `user_id`, `target_user_id`, `add_like`) VALUES ('75', '48', '35', 0);
INSERT INTO `like_users` (`id`, `user_id`, `target_user_id`, `add_like`) VALUES ('76', '67', '96', 0);
INSERT INTO `like_users` (`id`, `user_id`, `target_user_id`, `add_like`) VALUES ('77', '43', '27', 0);
INSERT INTO `like_users` (`id`, `user_id`, `target_user_id`, `add_like`) VALUES ('78', '98', '7', 1);
INSERT INTO `like_users` (`id`, `user_id`, `target_user_id`, `add_like`) VALUES ('79', '97', '50', 0);
INSERT INTO `like_users` (`id`, `user_id`, `target_user_id`, `add_like`) VALUES ('80', '5', '80', 0);
INSERT INTO `like_users` (`id`, `user_id`, `target_user_id`, `add_like`) VALUES ('81', '59', '5', 1);
INSERT INTO `like_users` (`id`, `user_id`, `target_user_id`, `add_like`) VALUES ('82', '80', '95', 1);
INSERT INTO `like_users` (`id`, `user_id`, `target_user_id`, `add_like`) VALUES ('83', '62', '94', 0);
INSERT INTO `like_users` (`id`, `user_id`, `target_user_id`, `add_like`) VALUES ('84', '96', '9', 0);
INSERT INTO `like_users` (`id`, `user_id`, `target_user_id`, `add_like`) VALUES ('85', '30', '41', 1);
INSERT INTO `like_users` (`id`, `user_id`, `target_user_id`, `add_like`) VALUES ('86', '53', '57', 0);
INSERT INTO `like_users` (`id`, `user_id`, `target_user_id`, `add_like`) VALUES ('87', '36', '41', 1);
INSERT INTO `like_users` (`id`, `user_id`, `target_user_id`, `add_like`) VALUES ('88', '44', '62', 1);
INSERT INTO `like_users` (`id`, `user_id`, `target_user_id`, `add_like`) VALUES ('89', '58', '43', 0);
INSERT INTO `like_users` (`id`, `user_id`, `target_user_id`, `add_like`) VALUES ('90', '52', '6', 1);
INSERT INTO `like_users` (`id`, `user_id`, `target_user_id`, `add_like`) VALUES ('91', '77', '19', 1);
INSERT INTO `like_users` (`id`, `user_id`, `target_user_id`, `add_like`) VALUES ('92', '1', '20', 1);
INSERT INTO `like_users` (`id`, `user_id`, `target_user_id`, `add_like`) VALUES ('93', '45', '98', 1);
INSERT INTO `like_users` (`id`, `user_id`, `target_user_id`, `add_like`) VALUES ('94', '26', '42', 0);
INSERT INTO `like_users` (`id`, `user_id`, `target_user_id`, `add_like`) VALUES ('95', '48', '30', 0);
INSERT INTO `like_users` (`id`, `user_id`, `target_user_id`, `add_like`) VALUES ('96', '21', '7', 0);
INSERT INTO `like_users` (`id`, `user_id`, `target_user_id`, `add_like`) VALUES ('97', '34', '1', 1);
INSERT INTO `like_users` (`id`, `user_id`, `target_user_id`, `add_like`) VALUES ('98', '1', '95', 1);
INSERT INTO `like_users` (`id`, `user_id`, `target_user_id`, `add_like`) VALUES ('99', '95', '97', 0);
INSERT INTO `like_users` (`id`, `user_id`, `target_user_id`, `add_like`) VALUES ('100', '3', '24', 0);


